CREATE DATABASE  IF NOT EXISTS `backend` /*!40100 DEFAULT CHARACTER SET utf8mb4 COLLATE utf8mb4_0900_as_cs */ /*!80016 DEFAULT ENCRYPTION='N' */;
USE `backend`;
-- MySQL dump 10.13  Distrib 8.0.29, for Win64 (x86_64)
--
-- Host: i7b203.p.ssafy.io    Database: backend
-- ------------------------------------------------------
-- Server version	8.0.30

/*!40101 SET @OLD_CHARACTER_SET_CLIENT=@@CHARACTER_SET_CLIENT */;
/*!40101 SET @OLD_CHARACTER_SET_RESULTS=@@CHARACTER_SET_RESULTS */;
/*!40101 SET @OLD_COLLATION_CONNECTION=@@COLLATION_CONNECTION */;
/*!50503 SET NAMES utf8 */;
/*!40103 SET @OLD_TIME_ZONE=@@TIME_ZONE */;
/*!40103 SET TIME_ZONE='+00:00' */;
/*!40014 SET @OLD_UNIQUE_CHECKS=@@UNIQUE_CHECKS, UNIQUE_CHECKS=0 */;
/*!40014 SET @OLD_FOREIGN_KEY_CHECKS=@@FOREIGN_KEY_CHECKS, FOREIGN_KEY_CHECKS=0 */;
/*!40101 SET @OLD_SQL_MODE=@@SQL_MODE, SQL_MODE='NO_AUTO_VALUE_ON_ZERO' */;
/*!40111 SET @OLD_SQL_NOTES=@@SQL_NOTES, SQL_NOTES=0 */;

--
-- Table structure for table `auction_detail`
--

DROP TABLE IF EXISTS `auction_detail`;
/*!40101 SET @saved_cs_client     = @@character_set_client */;
/*!50503 SET character_set_client = utf8mb4 */;
CREATE TABLE `auction_detail` (
  `id` bigint NOT NULL AUTO_INCREMENT,
  `bid_increment` int DEFAULT NULL,
  `grade` varchar(255) COLLATE utf8mb4_0900_as_cs DEFAULT NULL,
  `product_title` varchar(255) COLLATE utf8mb4_0900_as_cs DEFAULT NULL,
  `quantity` int DEFAULT NULL,
  `starting_price` int DEFAULT NULL,
  `auction_room_id` bigint DEFAULT NULL,
  PRIMARY KEY (`id`),
  KEY `FKjpmmlioeia80rnp7u9t2cq6jp` (`auction_room_id`)
) ENGINE=MyISAM AUTO_INCREMENT=148 DEFAULT CHARSET=utf8mb4 COLLATE=utf8mb4_0900_as_cs;
/*!40101 SET character_set_client = @saved_cs_client */;

--
-- Dumping data for table `auction_detail`
--

LOCK TABLES `auction_detail` WRITE;
/*!40000 ALTER TABLE `auction_detail` DISABLE KEYS */;
INSERT INTO `auction_detail` VALUES (108,50000,'최상','사과',400,2000000,98),(134,40000,'상','무',500,400000,117),(133,11,'굿','감자',12,222,116),(132,3000,'최상','고구마',4000,50000,115),(131,4500,'최상','감자',2300,50000,115),(130,22,'특상','배추',2,222,114),(129,11,'특','감자',1,111,114),(128,12000,'상','양배추',500,240000,113),(127,15000,'특','양배추',500,300000,113),(126,30000,'특','오이',1000,2500000,112),(125,30000,'특','오이',1000,2500000,111),(124,15,'특상','수박',20,2000,110),(123,10,'상','노루궁뎅이버섯',10,1000,110),(122,15,'특상','딸기',20,2000,109),(121,10,'상','토메이로',10,1000,109),(120,50000,'특','배추',980,1500000,108),(119,50000,'특','감자',1000,2000000,107),(118,4000,'중급','양파',3000,60000,106),(117,5000,'최상','배추',4000,45000,106),(116,3000,'하','감자',100,50000,106),(115,1000,'특','노루궁뎅이버섯',1000,100000,105),(114,1111,'11','배추',11,108,104),(113,5000,'특','노루궁뎅이버섯',1000,300000,103),(112,10000,'특','청양고추',500,500000,102),(111,5000,'특','노루궁뎅이버섯',1000,300000,101),(110,8000,'특','청양고추',400,400000,100),(109,8000,'특','청양고추',50,400000,99),(107,5000,'최상','망고',350,45000,97),(106,3500,'최상급','바나나',500,25000,97),(105,100000,'최상','사과',400,500000,96),(104,1000,'상급','감자',1000,10000,95),(135,40000,'중상','토마토',300,900000,118),(136,40000,'중','당근',500,600000,119),(137,1000,'최상','감자',1000,50000,120),(138,2000,'최상','배추',2000,70000,120),(139,5000,'특','아보카도',1000,400000,121),(140,5000,'최상','고구마',1000,30000,122),(141,5000,'최상','옥수수',2000,40000,122),(142,1000,'최상급','청양고추',1000,2000,123),(143,2000,'최상급','오이',2000,3000,123),(144,5000,'최상급','바나나',2500,15000,124),(145,5000,'최상급','포도',3000,25000,124),(146,1000,'꿀맛','감자',2,10000,125),(147,5000,'특','복숭아',1000,50000,126);
/*!40000 ALTER TABLE `auction_detail` ENABLE KEYS */;
UNLOCK TABLES;

--
-- Table structure for table `auction_result`
--

DROP TABLE IF EXISTS `auction_result`;
/*!40101 SET @saved_cs_client     = @@character_set_client */;
/*!50503 SET character_set_client = utf8mb4 */;
CREATE TABLE `auction_result` (
  `id` bigint NOT NULL AUTO_INCREMENT,
  `created_at` datetime DEFAULT NULL,
  `updated_at` datetime DEFAULT NULL,
  `auctioned_price` bigint DEFAULT NULL,
  `deal_completed` bit(1) DEFAULT NULL,
  `delivery_completed` bit(1) DEFAULT NULL,
  `payment_completed` bit(1) DEFAULT NULL,
  `auction_detail_id` bigint DEFAULT NULL,
  `buyer_id` bigint DEFAULT NULL,
  `seller_id` bigint DEFAULT NULL,
  PRIMARY KEY (`id`),
  KEY `FKofu7k99qbcaa66n3foswgucs6` (`auction_detail_id`),
  KEY `FKcyg5babq35p102699gmfgdcsm` (`buyer_id`),
  KEY `FK6w6fhkjj0fi0g5uvxs2q3tfdq` (`seller_id`)
) ENGINE=MyISAM AUTO_INCREMENT=51 DEFAULT CHARSET=utf8mb4 COLLATE=utf8mb4_0900_as_cs;
/*!40101 SET character_set_client = @saved_cs_client */;

--
-- Dumping data for table `auction_result`
--

LOCK TABLES `auction_result` WRITE;
/*!40000 ALTER TABLE `auction_result` DISABLE KEYS */;
INSERT INTO `auction_result` VALUES (41,'2022-08-17 10:28:55','2022-08-17 10:28:55',0,_binary '\0',_binary '\0',_binary '\0',124,12,11),(40,'2022-08-17 10:28:32','2022-08-17 10:28:32',0,_binary '\0',_binary '\0',_binary '\0',123,12,11),(38,'2022-08-17 10:26:59','2022-08-17 10:26:59',0,_binary '\0',_binary '\0',_binary '\0',122,11,12),(37,'2022-08-17 10:26:51','2022-08-17 14:27:40',0,_binary '\0',_binary '\0',_binary '',121,11,12),(36,'2022-08-17 10:22:42','2022-08-17 11:43:50',60000,_binary '\0',_binary '\0',_binary '',118,9,13),(42,'2022-08-17 11:00:10','2022-08-17 11:00:10',140000,_binary '\0',_binary '\0',_binary '\0',137,9,13),(43,'2022-08-17 11:01:54','2022-08-17 11:01:54',140000,_binary '\0',_binary '\0',_binary '\0',138,9,13),(44,'2022-08-17 11:16:54','2022-08-17 14:26:42',70000,_binary '\0',_binary '\0',_binary '',140,11,13),(45,'2022-08-17 11:27:40','2022-08-17 11:27:40',56000,_binary '\0',_binary '\0',_binary '\0',142,9,13),(46,'2022-08-17 11:29:31','2022-08-17 14:27:18',83000,_binary '\0',_binary '\0',_binary '',143,9,13),(47,'2022-08-17 14:19:03','2022-08-17 14:23:48',865000,_binary '\0',_binary '\0',_binary '',144,11,13),(48,'2022-08-17 14:20:49','2022-08-17 14:22:25',1105000,_binary '\0',_binary '\0',_binary '',145,11,13),(49,'2022-08-17 14:45:45','2022-08-17 14:45:45',109000,_binary '\0',_binary '\0',_binary '\0',146,11,12),(50,'2022-08-17 14:50:11','2022-08-17 14:51:03',50000,_binary '\0',_binary '\0',_binary '',147,12,11);
/*!40000 ALTER TABLE `auction_result` ENABLE KEYS */;
UNLOCK TABLES;

--
-- Table structure for table `auction_room`
--

DROP TABLE IF EXISTS `auction_room`;
/*!40101 SET @saved_cs_client     = @@character_set_client */;
/*!50503 SET character_set_client = utf8mb4 */;
CREATE TABLE `auction_room` (
  `id` bigint NOT NULL AUTO_INCREMENT,
  `created_at` datetime DEFAULT NULL,
  `updated_at` datetime DEFAULT NULL,
  `auction_room_description` varchar(255) COLLATE utf8mb4_0900_as_cs NOT NULL,
  `auction_room_title` varchar(255) COLLATE utf8mb4_0900_as_cs NOT NULL,
  `auctioned` bit(1) DEFAULT NULL,
  `owner_id` bigint DEFAULT NULL,
  `thumbnail_id` bigint DEFAULT NULL,
  PRIMARY KEY (`id`),
  KEY `FKmwujbjhj0ybq6r84y5vwbdp9o` (`thumbnail_id`)
) ENGINE=MyISAM AUTO_INCREMENT=127 DEFAULT CHARSET=utf8mb4 COLLATE=utf8mb4_0900_as_cs;
/*!40101 SET character_set_client = @saved_cs_client */;

--
-- Dumping data for table `auction_room`
--

LOCK TABLES `auction_room` WRITE;
/*!40000 ALTER TABLE `auction_room` DISABLE KEYS */;
INSERT INTO `auction_room` VALUES (102,'2022-08-17 09:59:16','2022-08-17 09:59:16','오리지널 태양초','진짜 매운 청양고추',_binary '\0',10,42),(108,'2022-08-17 10:24:37','2022-08-17 10:24:37','바로 수확해서 보낼게요 올해 배추가 좋아요','고랭지 배추 무농약 매우 신선',_binary '\0',7,48),(107,'2022-08-17 10:21:47','2022-08-17 10:21:47','바로 수확해서 보낼거에요 신선합니다','유기농 특대 감자',_binary '\0',8,46),(111,'2022-08-17 10:29:16','2022-08-17 10:29:16','올해도 오이가 물건이 좋아요 보러 들어오세요','무농약 오이 직접 키웠어요',_binary '\0',6,50),(113,'2022-08-17 08:34:51','2022-08-17 08:34:51','올해 풍작이에요 물건 정말 좋습니다 보러들어오세요','신선한 양배추 아삭해요',_binary '\0',5,53),(117,'2022-08-17 10:48:44','2022-08-17 10:48:44','올해 무가 참 맛있어요','무가 달아요 설탕무',_binary '\0',4,55),(118,'2022-08-17 10:51:43','2022-08-17 10:51:43','설탕안쳐도 달아요','대저토마토 무농약이에요',_binary '\0',3,58),(119,'2022-08-17 10:54:53','2022-08-17 10:54:53','바로 뽑아서 보내드립니다','무세척 무농약 유기농 당근',_binary '\0',2,61);
/*!40000 ALTER TABLE `auction_room` ENABLE KEYS */;
UNLOCK TABLES;

--
-- Table structure for table `auth_refresh_save`
--

DROP TABLE IF EXISTS `auth_refresh_save`;
/*!40101 SET @saved_cs_client     = @@character_set_client */;
/*!50503 SET character_set_client = utf8mb4 */;
CREATE TABLE `auth_refresh_save` (
  `id` bigint NOT NULL AUTO_INCREMENT,
  `refresh_token` varchar(255) COLLATE utf8mb4_0900_as_cs DEFAULT NULL,
  PRIMARY KEY (`id`)
) ENGINE=MyISAM AUTO_INCREMENT=258 DEFAULT CHARSET=utf8mb4 COLLATE=utf8mb4_0900_as_cs;
/*!40101 SET character_set_client = @saved_cs_client */;

--
-- Dumping data for table `auth_refresh_save`
--

LOCK TABLES `auth_refresh_save` WRITE;
/*!40000 ALTER TABLE `auth_refresh_save` DISABLE KEYS */;
INSERT INTO `auth_refresh_save` VALUES (2,'eyJ0eXAiOiJKV1QiLCJhbGciOiJIUzUxMiJ9.eyJzdWIiOiIwMTAwMDAwMDAwMCIsImlzcyI6InNzYWZ5LmNvbSIsImV4cCI6MTY2MTY5OTUwMywiaWF0IjoxNjYwNDAzNTAzfQ.6o51W14j1tlZfNIJN2Imqjtu5qlQS_VG1Uyep_xKNR0ynE8QlgSJ0KwGUp_QvyJVYArtGkqmEn7_YcAjFTG0UQ'),(43,'eyJ0eXAiOiJKV1QiLCJhbGciOiJIUzUxMiJ9.eyJzdWIiOiIwMTAwMDAwMDAwMCIsImlzcyI6InNzYWZ5LmNvbSIsImV4cCI6MTY2MTgxNjE3NywiaWF0IjoxNjYwNTIwMTc3fQ.fJ_V2BuoNns8EIZv4s6FQD0UaFQemV8mM1ijIDkLmf2GBeTikGAK5RjTlJUbqcH56JxpAcnXnX8-lUB3wZ_K2Q'),(63,'eyJ0eXAiOiJKV1QiLCJhbGciOiJIUzUxMiJ9.eyJzdWIiOiIwMTAwMDAwMDAwMCIsImlzcyI6InNzYWZ5LmNvbSIsImV4cCI6MTY2MTg0NTk4MCwiaWF0IjoxNjYwNTQ5OTgwfQ.qy6XRGNZ42AoYlRL8NLWhXgV2WoeB-_aCf0eInadv5Vb7TN8YQnGYU4zz650R9eInZVKSe07nTO7AMuabpfVpg'),(19,'eyJ0eXAiOiJKV1QiLCJhbGciOiJIUzUxMiJ9.eyJzdWIiOiIwMTA1NTMwOTczNyIsImlzcyI6InNzYWZ5LmNvbSIsImV4cCI6MTY2MTc3NDMyNywiaWF0IjoxNjYwNDc4MzI3fQ.WkYcPwiPk5IEaWJN0Sn9MzRWwMKjmno8-UXgyzkxYl9teTqg4294kTIbpLDjjEqc4aPP99V-2aI-I26c2ls1Eg'),(161,'eyJ0eXAiOiJKV1QiLCJhbGciOiJIUzUxMiJ9.eyJzdWIiOiIwMTA1NTMwOTczNyIsImlzcyI6InNzYWZ5LmNvbSIsImV4cCI6MTY2MTkxOTM0MywiaWF0IjoxNjYwNjIzMzQzfQ.-x_CgfLTQkC3fEcb5NepNn0xd_xMUrp1F5KfsGQKeaA6iZLOVDFgMrDNMlIWO5IKusDzNVseMOVJ9itofpeyKw'),(9,'eyJ0eXAiOiJKV1QiLCJhbGciOiJIUzUxMiJ9.eyJzdWIiOiIwMTAwMDAwMDAwMCIsImlzcyI6InNzYWZ5LmNvbSIsImV4cCI6MTY2MTcwMTMyNywiaWF0IjoxNjYwNDA1MzI3fQ.6q_IPnQhtymw6WcamCFhpxHwFFl2HNdzTRgT_HRMmKyL5_zFslyLNT4mtJ86grUxNlHPFEC_anUqB9dOtjb_IA'),(11,'eyJ0eXAiOiJKV1QiLCJhbGciOiJIUzUxMiJ9.eyJzdWIiOiIwMTA4ODQyMjkyMiIsImlzcyI6InNzYWZ5LmNvbSIsImV4cCI6MTY2MTc2MTExNywiaWF0IjoxNjYwNDY1MTE3fQ.97AlIH8X3UFm_dZBY3kWNHjrwciVopepqWi-A6mQmVSCliuI4ATTq9vb1DqI0_XLWtHBGAzsHaoKuEHu38pekw'),(12,'eyJ0eXAiOiJKV1QiLCJhbGciOiJIUzUxMiJ9.eyJzdWIiOiIwMTA4ODQyMjkyMiIsImlzcyI6InNzYWZ5LmNvbSIsImV4cCI6MTY2MTc2MTg3OSwiaWF0IjoxNjYwNDY1ODc5fQ.BDVWxDF6o6Ge01y1oLs_yQA8P_mlbpiUrWmdRqJG12GL48gxyG4oPexU7gTW4BqFqD33LcFWecc7cFoiPUEBMw'),(13,'eyJ0eXAiOiJKV1QiLCJhbGciOiJIUzUxMiJ9.eyJzdWIiOiIwMTAwMDAwMDAwMCIsImlzcyI6InNzYWZ5LmNvbSIsImV4cCI6MTY2MTc2MzM5NywiaWF0IjoxNjYwNDY3Mzk3fQ.9AovRGWG-slkm5_XXOK0GNQmpflYTN0051Nkx9Uq_75HFb0ZMKSwe5mYbVqNBbvpnlni_FivWoTEiCBsO0GvfQ'),(28,'eyJ0eXAiOiJKV1QiLCJhbGciOiJIUzUxMiJ9.eyJzdWIiOiIwMTAwMDAwMDAwMCIsImlzcyI6InNzYWZ5LmNvbSIsImV4cCI6MTY2MTc3OTgzOSwiaWF0IjoxNjYwNDgzODM5fQ.rNhODV1GyZXQ1Slfn6pkBIqBixJ50nmLMQia04aSSVA6-PjrDLR08Y49bhAWTKWLS-1KiOVdGnlOZkUOcWj9gw'),(15,'eyJ0eXAiOiJKV1QiLCJhbGciOiJIUzUxMiJ9.eyJzdWIiOiIwMTAwMDAwMDAwMCIsImlzcyI6InNzYWZ5LmNvbSIsImV4cCI6MTY2MTc3MTQ4OSwiaWF0IjoxNjYwNDc1NDg5fQ.AQw9KOJvwNupGADRtK-Er--Kr7pYQ3MjIhIVICle6jXgNyFOwK6XrctGFAlvNAo8yeQNgGubYSrCIy-MJnoU9w'),(16,'eyJ0eXAiOiJKV1QiLCJhbGciOiJIUzUxMiJ9.eyJzdWIiOiIwMTAwMDAwMDAwMCIsImlzcyI6InNzYWZ5LmNvbSIsImV4cCI6MTY2MTc3MTk2OSwiaWF0IjoxNjYwNDc1OTY5fQ.iwpdY-N0Nv7CLnTa8YViKZOUTi057vdVhBbpFHDRMP4JWBkSfIqGlDNAEaUdYniByRN_HmNTRJ0AN00iq-4PYg'),(17,'eyJ0eXAiOiJKV1QiLCJhbGciOiJIUzUxMiJ9.eyJzdWIiOiIwMTAwMDAwMDAwMCIsImlzcyI6InNzYWZ5LmNvbSIsImV4cCI6MTY2MTc3MzMzOSwiaWF0IjoxNjYwNDc3MzM5fQ.R64-Jzl_6mGpRV-C8SmQpy892SRJP4cpKLGMK3q7n8n-CPhUog_baGOXHWU9ITUSmAb59eR5EHD0TChRfxwvtw'),(18,'eyJ0eXAiOiJKV1QiLCJhbGciOiJIUzUxMiJ9.eyJzdWIiOiIwMTAwMDAwMDAwMCIsImlzcyI6InNzYWZ5LmNvbSIsImV4cCI6MTY2MTc3NDIwOSwiaWF0IjoxNjYwNDc4MjA5fQ.b4xxfjT9_Tdn8w8QinSdXOpAZm0hoNLcKxOA_qSwoGKNmh_3_v3CZ9wAF3eSBPqoAuBO7v6atKGPwx-HkkmmkA'),(20,'eyJ0eXAiOiJKV1QiLCJhbGciOiJIUzUxMiJ9.eyJzdWIiOiIwMTAwMDAwMDAwMCIsImlzcyI6InNzYWZ5LmNvbSIsImV4cCI6MTY2MTc3NTIyNCwiaWF0IjoxNjYwNDc5MjI0fQ.K_rYj8o_rwT0tberUMH7AKRCqvqvgqA7QS8wF7X78su5Fv2EbmfUGC47oEI1W2zoTiHlTIkyQBmIOppofLsNWA'),(255,'eyJ0eXAiOiJKV1QiLCJhbGciOiJIUzUxMiJ9.eyJzdWIiOiIwMTAyNDc4Njc5MiIsImlzcyI6InNzYWZ5LmNvbSIsImV4cCI6MTY2MjAwOTkyMiwiaWF0IjoxNjYwNzEzOTIyfQ.oQHX_C5QYFbjJjY4_sgkKrZtF9vX8Bb_h3YRumsmj6PClKneAfQTi_q59a-p5e61YQemUy1XP1Pz2KAg8dmzvw'),(22,'eyJ0eXAiOiJKV1QiLCJhbGciOiJIUzUxMiJ9.eyJzdWIiOiIwMTA4ODQyMjkyMiIsImlzcyI6InNzYWZ5LmNvbSIsImV4cCI6MTY2MTc3NTkxMywiaWF0IjoxNjYwNDc5OTEzfQ.Q0QfGwAvDy6bHQZK68f9Gwpp2ZNIBPwnmRGarb-vBiPxeWk40NfrNbr0rkt1uGJ1LBE6CvskVYiqsIWn6DWpJw'),(23,'eyJ0eXAiOiJKV1QiLCJhbGciOiJIUzUxMiJ9.eyJzdWIiOiIwMTAwMDAwMDAwMCIsImlzcyI6InNzYWZ5LmNvbSIsImV4cCI6MTY2MTc3ODkyOSwiaWF0IjoxNjYwNDgyOTI5fQ.3kgFM09q-ZP58HXRjjUrQ_uJ5ZWKay9LQynVC1a17QKOR3krLiTiJfKcvo5gMB72m2SvwXgPKwNEQDwcRO2UQw'),(24,'eyJ0eXAiOiJKV1QiLCJhbGciOiJIUzUxMiJ9.eyJzdWIiOiIwMTAwMDAwMDAwMCIsImlzcyI6InNzYWZ5LmNvbSIsImV4cCI6MTY2MTc3OTY1OCwiaWF0IjoxNjYwNDgzNjU4fQ.KXTfwVBb2VMXIS9Tc1eHtWI02DhOik1W2RoMlCxEbTfQDmGBnb9TvfZ2sHnlk8IBU6QkHO8iqP1TowMGle82JQ'),(25,'eyJ0eXAiOiJKV1QiLCJhbGciOiJIUzUxMiJ9.eyJzdWIiOiIwMTAwMDAwMDAwMCIsImlzcyI6InNzYWZ5LmNvbSIsImV4cCI6MTY2MTc3OTcwNiwiaWF0IjoxNjYwNDgzNzA2fQ.rk5G9kyi0OTOzljZPzwASvFCFU_3exBt7BSkL_u0jSLNoeRs6vofzREZ8h1hQ4zZ2GN6yThNnskWoOrgAlnRtw'),(251,'eyJ0eXAiOiJKV1QiLCJhbGciOiJIUzUxMiJ9.eyJzdWIiOiIwMTA4ODQyMjkyMiIsImlzcyI6InNzYWZ5LmNvbSIsImV4cCI6MTY2MjAwOTMzMCwiaWF0IjoxNjYwNzEzMzMwfQ.51ilYJe6viXpMtO48JMU8B4LLQK-GWF55oFY5yen3aRjN055_NfsTmoOIMuq2Ua4tX7NVGE3gtVSDdITL6C1lQ'),(27,'eyJ0eXAiOiJKV1QiLCJhbGciOiJIUzUxMiJ9.eyJzdWIiOiIwMTAwMDAwMDAwMCIsImlzcyI6InNzYWZ5LmNvbSIsImV4cCI6MTY2MTc3OTgwNCwiaWF0IjoxNjYwNDgzODA0fQ.3wavhYI9wEXCmKob3OSFkcHPCsKbYTjIszOMkMJJC8SyPBS_u-IB0kFm8nX88j1sWqrMU2_WVE3FhjW37FHBxQ'),(29,'eyJ0eXAiOiJKV1QiLCJhbGciOiJIUzUxMiJ9.eyJzdWIiOiIwMTAwMDAwMDAwMCIsImlzcyI6InNzYWZ5LmNvbSIsImV4cCI6MTY2MTc3OTkwOCwiaWF0IjoxNjYwNDgzOTA4fQ.AWgpk4olkvTlkMSYnefBkBHJMo2VtuxRJTrPmyYDnMKg0pmeuFloLMOhdRfmMbt-4AVop8DZbjAAdIWd2pv1RQ'),(30,'eyJ0eXAiOiJKV1QiLCJhbGciOiJIUzUxMiJ9.eyJzdWIiOiIwMTAwMDAwMDAwMCIsImlzcyI6InNzYWZ5LmNvbSIsImV4cCI6MTY2MTc3OTk2OCwiaWF0IjoxNjYwNDgzOTY4fQ.eBR1v3t2SoekwS7381RCNWvMLNciS7h9RltLgMV8pdlXGQ3ezp7ObYHH2fFgV3C_seEqSpmxqA2LVh8v7-YsYQ'),(31,'eyJ0eXAiOiJKV1QiLCJhbGciOiJIUzUxMiJ9.eyJzdWIiOiIwMTAwMDAwMDAwMCIsImlzcyI6InNzYWZ5LmNvbSIsImV4cCI6MTY2MTc4MDQxOCwiaWF0IjoxNjYwNDg0NDE4fQ.1cSojmEvd9wJtxyZImBPG1Dm4Gq3bmEPQyNIGkgK1Ai7kQrxFkjRPDSjX1OXYfotjehGXYWU5FHIR5zjvrZI7A'),(32,'eyJ0eXAiOiJKV1QiLCJhbGciOiJIUzUxMiJ9.eyJzdWIiOiIwMTAwMDAwMDAwMCIsImlzcyI6InNzYWZ5LmNvbSIsImV4cCI6MTY2MTc4MDgyNSwiaWF0IjoxNjYwNDg0ODI1fQ.1O7LSTmpvVxLbosIbWdQcD3L3TWoqNOy_ZA4swVF6q6s-7_WBt-BqgMzYbwnZA3yFlbp2Nn-uE85Tch_t2WxBg'),(33,'eyJ0eXAiOiJKV1QiLCJhbGciOiJIUzUxMiJ9.eyJzdWIiOiIwMTAwMDAwMDAwMCIsImlzcyI6InNzYWZ5LmNvbSIsImV4cCI6MTY2MTc4MDg1NSwiaWF0IjoxNjYwNDg0ODU1fQ.ej8sP_2gPdAwir8GbKQ-vy0rmwIdl9juvXb06ds7Q8muhTMRbg3K3OlPJkjISFeIKQ6wbe7yt8yDoo71pFRmHQ'),(34,'eyJ0eXAiOiJKV1QiLCJhbGciOiJIUzUxMiJ9.eyJzdWIiOiIwMTAwMDAwMDAwMCIsImlzcyI6InNzYWZ5LmNvbSIsImV4cCI6MTY2MTc4MTg0NywiaWF0IjoxNjYwNDg1ODQ3fQ.1uKuYyf3ToiPZqlfbUfQFJHuYWmCHeaV0IXhpwRAIX6Kb4NXJ4oAO394do2RoZFDuxYS81jVF8lljvSsC_AtXQ'),(35,'eyJ0eXAiOiJKV1QiLCJhbGciOiJIUzUxMiJ9.eyJzdWIiOiIwMTAwMDAwMDAwMCIsImlzcyI6InNzYWZ5LmNvbSIsImV4cCI6MTY2MTc4MTg4OCwiaWF0IjoxNjYwNDg1ODg4fQ.Ot1NoMqUIFRjenEHdJthIX95lPXqjZHonqxbfFO8pdrhkTnG0ZzS3Sk8iTbRXWCuBN2YnnKjSxDxy5IBSUAqiQ'),(36,'eyJ0eXAiOiJKV1QiLCJhbGciOiJIUzUxMiJ9.eyJzdWIiOiIwMTAwMDAwMDAwMCIsImlzcyI6InNzYWZ5LmNvbSIsImV4cCI6MTY2MTc4MTk3NiwiaWF0IjoxNjYwNDg1OTc2fQ.eWiDRSQtBbbvjjrr_QNeyXEw1MgFEor7PZAvM6nU7ShFP2hTQ2WFOfgigQCyH0B0-9syD4iO8hPZ-j0LjFIl6w'),(37,'eyJ0eXAiOiJKV1QiLCJhbGciOiJIUzUxMiJ9.eyJzdWIiOiIwMTAwMDAwMDAwMCIsImlzcyI6InNzYWZ5LmNvbSIsImV4cCI6MTY2MTc4MjE4NywiaWF0IjoxNjYwNDg2MTg3fQ.TP9jgeuVD_7xPcSRFOpD_LY-tnx_s65c2O4IaX04UMdgZn9fuoG76Ix6WdxdCYdImWfE0s3Sv8U9GHXbZn6klQ'),(237,'eyJ0eXAiOiJKV1QiLCJhbGciOiJIUzUxMiJ9.eyJzdWIiOiIwMTA5MjQ1ODg3MyIsImlzcyI6InNzYWZ5LmNvbSIsImV4cCI6MTY2MTk5NTE2OSwiaWF0IjoxNjYwNjk5MTY5fQ.79Q0Gyc9ThECeUWH-RtNiV8PnskZnclnNE3ItTr9AW580TXh0vAq2xIMm_leV7olBAv1Kuf3oq0dLUvwr9e4Vw'),(130,'eyJ0eXAiOiJKV1QiLCJhbGciOiJIUzUxMiJ9.eyJzdWIiOiIwMTAwMDAwMDAwMCIsImlzcyI6InNzYWZ5LmNvbSIsImV4cCI6MTY2MTg5MzI0NiwiaWF0IjoxNjYwNTk3MjQ2fQ.ePxmwnQz4RGh5-qXM8Is-A0XbGQnoIvrVTXeqa0nTHR1UZrSvEwgVG3yRZkCtSRHmCNaC6T29XFkSYw8RyVI_w'),(40,'eyJ0eXAiOiJKV1QiLCJhbGciOiJIUzUxMiJ9.eyJzdWIiOiIwMTAwMDAwMDAwMCIsImlzcyI6InNzYWZ5LmNvbSIsImV4cCI6MTY2MTc4NTUxMCwiaWF0IjoxNjYwNDg5NTEwfQ.o_SoqcabEpXfLu_ZnkYCiuU9KOqmY6xERi2XoItS16F3-RO2eRpWLV4Ouiq8i1bTFp01LNgyB3hv4Aqp8cyX6g'),(41,'eyJ0eXAiOiJKV1QiLCJhbGciOiJIUzUxMiJ9.eyJzdWIiOiIwMTAwMDAwMDAwMCIsImlzcyI6InNzYWZ5LmNvbSIsImV4cCI6MTY2MTc4Njc1MiwiaWF0IjoxNjYwNDkwNzUyfQ.6SpfD2GWENt1x1o2JqrMZ9Q7FXR8_EXEd6gLJNW-mfs93Dmd616dLHgkJAmnmPzfpdEQLuV2u1p2Vc24Rhgmow'),(42,'eyJ0eXAiOiJKV1QiLCJhbGciOiJIUzUxMiJ9.eyJzdWIiOiIwMTAwMDAwMDAwMCIsImlzcyI6InNzYWZ5LmNvbSIsImV4cCI6MTY2MTc4OTM2MSwiaWF0IjoxNjYwNDkzMzYxfQ.5dQP_QFTzmrkBnKZ86J93oq0BvR-OkQ6atRNnCDkgwyzXJ1r4thWnHcFeIe_ML4rgCTMO5H8SgYzWJMSI9tBLg'),(62,'eyJ0eXAiOiJKV1QiLCJhbGciOiJIUzUxMiJ9.eyJzdWIiOiIwMTAwMDAwMDAwMCIsImlzcyI6InNzYWZ5LmNvbSIsImV4cCI6MTY2MTg0NDU5NSwiaWF0IjoxNjYwNTQ4NTk1fQ.YXLpJ_SdypbzVU7yVdR-yrBpcZKkaXRb26nykXdZ6E_gG90zZEVRRrOw8xpgVGCJ93BdedR5aRQIEliF6iopzg'),(47,'eyJ0eXAiOiJKV1QiLCJhbGciOiJIUzUxMiJ9.eyJzdWIiOiIwMTAwMDAwMDAwMCIsImlzcyI6InNzYWZ5LmNvbSIsImV4cCI6MTY2MTg0MTI3OCwiaWF0IjoxNjYwNTQ1Mjc4fQ.qF2bJ4b59xS66x6YUyI71uhV6tyhyCDKlojPDyfvHAhUWb9QJWEMsLQ1h6ICdWMLsHM3051CUsEHOXEHoGS31Q'),(48,'eyJ0eXAiOiJKV1QiLCJhbGciOiJIUzUxMiJ9.eyJzdWIiOiIwMTAwMDAwMDAwMCIsImlzcyI6InNzYWZ5LmNvbSIsImV4cCI6MTY2MTg0MjA2NywiaWF0IjoxNjYwNTQ2MDY3fQ.XnOEt9wGPnLP4BfxflrmC7FXw-IFMX4Ov1RoBr2QcgW33cvTq8kANQw-BMIRblo_d5kRqrlCloVLraOIZa0x1w'),(49,'eyJ0eXAiOiJKV1QiLCJhbGciOiJIUzUxMiJ9.eyJzdWIiOiIwMTAwMDAwMDAwMCIsImlzcyI6InNzYWZ5LmNvbSIsImV4cCI6MTY2MTg0MjA5MiwiaWF0IjoxNjYwNTQ2MDkyfQ.Ldv-kx4olbnkYqXsPaYRpqpPPHcWWZzajRceobWTQdi4OREJ6xm17l9mKLsK-ith1c8C9yxGDeK_015ok5SLzA'),(50,'eyJ0eXAiOiJKV1QiLCJhbGciOiJIUzUxMiJ9.eyJzdWIiOiIwMTAwMDAwMDAwMCIsImlzcyI6InNzYWZ5LmNvbSIsImV4cCI6MTY2MTg0MjU4MywiaWF0IjoxNjYwNTQ2NTgzfQ.hTJ6ponTV_Z_z5p1EmHIjM_z2-gLZQUKDleB4c_mtUhJGGR1ZyZHLPA63sQBLLtEvLKc5uTUIPcU60MAgE8t2Q'),(201,'eyJ0eXAiOiJKV1QiLCJhbGciOiJIUzUxMiJ9.eyJzdWIiOiIwMTAwMDAwMDAwMCIsImlzcyI6InNzYWZ5LmNvbSIsImV4cCI6MTY2MTkzNDk3MSwiaWF0IjoxNjYwNjM4OTcxfQ.82ESGqEpSBMypEJtmPBJSi7KfgKGTNoU3vXAIZ3OlzMb6DMnfwPSZsTcNP5QRUF-cZpE7n_hjyrnIZmIAdR55w'),(52,'eyJ0eXAiOiJKV1QiLCJhbGciOiJIUzUxMiJ9.eyJzdWIiOiIwMTAwMDAwMDAwMCIsImlzcyI6InNzYWZ5LmNvbSIsImV4cCI6MTY2MTg0Mjg1NCwiaWF0IjoxNjYwNTQ2ODU0fQ.W-G_FNVCltwefMs395tSzpj7SjfF2C8ljPfLp4G5t8h_U9IackBagQRcv3XJ9Ro0HBS4V9meYQ3DhCl3Ke1whg'),(53,'eyJ0eXAiOiJKV1QiLCJhbGciOiJIUzUxMiJ9.eyJzdWIiOiIwMTAwMDAwMDAwMCIsImlzcyI6InNzYWZ5LmNvbSIsImV4cCI6MTY2MTg0MzAxNiwiaWF0IjoxNjYwNTQ3MDE2fQ.DIk5ulc7JRWjeVFrRxRtQXRc7sTvAa0HnXpX0PLo_RUD1daaZTBzxs9gL68t4PDfE7Y0zGF1q5a6VYstyqggzA'),(54,'eyJ0eXAiOiJKV1QiLCJhbGciOiJIUzUxMiJ9.eyJzdWIiOiIwMTAwMDAwMDAwMCIsImlzcyI6InNzYWZ5LmNvbSIsImV4cCI6MTY2MTg0MzA3OCwiaWF0IjoxNjYwNTQ3MDc4fQ.ggj6PBIJhD-YUHWSnB0TyfC9gQ5r4u4JZs93MIAth4TyYgli0_aIiKxAETkDbN4goSMjS3iBKiImGQsYHeu1Bg'),(56,'eyJ0eXAiOiJKV1QiLCJhbGciOiJIUzUxMiJ9.eyJzdWIiOiIwMTAwMDAwMDAwMCIsImlzcyI6InNzYWZ5LmNvbSIsImV4cCI6MTY2MTg0MzIyNywiaWF0IjoxNjYwNTQ3MjI3fQ.UuPIZ-4emM9giEHEDMfq6mfv6dfC_FA_pSM_udVxnTEZTnNxewcWZqDdAq_BND5aDyErm9SB2gOp0P87kWXz7w'),(58,'eyJ0eXAiOiJKV1QiLCJhbGciOiJIUzUxMiJ9.eyJzdWIiOiIwMTAwMDAwMDAwMCIsImlzcyI6InNzYWZ5LmNvbSIsImV4cCI6MTY2MTg0MzYwOSwiaWF0IjoxNjYwNTQ3NjA5fQ.q5-jv6QZ9DhLDF_JpY90RVCx077NG6aw9LzUxnbBXJuQ_vmHNLzb_fKDGLoczQkO8ZFHuUP1QPpYf254D4663Q'),(59,'eyJ0eXAiOiJKV1QiLCJhbGciOiJIUzUxMiJ9.eyJzdWIiOiIwMTAwMDAwMDAwMCIsImlzcyI6InNzYWZ5LmNvbSIsImV4cCI6MTY2MTg0MzczMSwiaWF0IjoxNjYwNTQ3NzMxfQ._z9i4p8ozEkWuCTqfnxC12qypAXgGFQ6rOO5Lgj5aj9Y_ENN-zmdwifZjE0cptC70I3Br7XPGboTgQ72_brpVQ'),(60,'eyJ0eXAiOiJKV1QiLCJhbGciOiJIUzUxMiJ9.eyJzdWIiOiIwMTAwMDAwMDAwMCIsImlzcyI6InNzYWZ5LmNvbSIsImV4cCI6MTY2MTg0MzgyNSwiaWF0IjoxNjYwNTQ3ODI1fQ.cJmkCcEOH5XjW5tfHLqrso10yR-Kq_NtvTgEM0yMp5ExRo2T9P6uFaX6GQivF1ld27OD9TZEDbn64EklzFHpIg'),(64,'eyJ0eXAiOiJKV1QiLCJhbGciOiJIUzUxMiJ9.eyJzdWIiOiIwMTAwMDAwMDAwMCIsImlzcyI6InNzYWZ5LmNvbSIsImV4cCI6MTY2MTg0Njg5MiwiaWF0IjoxNjYwNTUwODkyfQ.HeLZDpgvjpKMYbGP8wlnsnTp3ifN8RppjLfdpPU2UR1rpipEgHuIFXwvzKcUYKxHuJQVrYpK3BZ1cb8Jn9fi_w'),(65,'eyJ0eXAiOiJKV1QiLCJhbGciOiJIUzUxMiJ9.eyJzdWIiOiIwMTAwMDAwMDAwMCIsImlzcyI6InNzYWZ5LmNvbSIsImV4cCI6MTY2MTg0ODQ1NCwiaWF0IjoxNjYwNTUyNDU0fQ.r82a_O20zPunQercRyaT-VkrGyHT2xDO3eob4--cZ6cUcg_7RxWwFwqH1pddW7Fk8X_1srlUYgzVsEv9cdpDtg'),(66,'eyJ0eXAiOiJKV1QiLCJhbGciOiJIUzUxMiJ9.eyJzdWIiOiIwMTAwMDAwMDAwMCIsImlzcyI6InNzYWZ5LmNvbSIsImV4cCI6MTY2MTg1MjMyMSwiaWF0IjoxNjYwNTU2MzIxfQ.As3Qw8t3S6iNh57NdpnJMjQWtuPx8z4HzCqZMpsQOM3OPdVIf60AZjEHflTKUmdkFFcNqC5piV5zQmSi-69dow'),(67,'eyJ0eXAiOiJKV1QiLCJhbGciOiJIUzUxMiJ9.eyJzdWIiOiIwMTAwMDAwMDAwMCIsImlzcyI6InNzYWZ5LmNvbSIsImV4cCI6MTY2MTg1MjM1NSwiaWF0IjoxNjYwNTU2MzU1fQ.O3ZJNtF828BMR2LTiWBOaGoMK9cMNPoraeQKETDQDiRns-WB2NdEyDkZzsolnVJHnYQuY9THT-hIrj0ndMae6g'),(68,'eyJ0eXAiOiJKV1QiLCJhbGciOiJIUzUxMiJ9.eyJzdWIiOiIwMTAwMDAwMDAwMCIsImlzcyI6InNzYWZ5LmNvbSIsImV4cCI6MTY2MTg1Njg1MywiaWF0IjoxNjYwNTYwODUzfQ.lw7wVxTspz63XNILjINMePJ4U6KzGi15L78zItNP5gKjTu0ZO6oFR7LdT6D-5OVdJiqdrWXFQzyOLmmwL8hiWA'),(69,'eyJ0eXAiOiJKV1QiLCJhbGciOiJIUzUxMiJ9.eyJzdWIiOiIwMTAwMDAwMDAwMCIsImlzcyI6InNzYWZ5LmNvbSIsImV4cCI6MTY2MTg1ODk3NywiaWF0IjoxNjYwNTYyOTc3fQ.It2blZDFKDTFigXicntBFC3XoA9dV5OGxwmnBItJitHijPKNivD3rIrhc5-qNwUYQBDr69Do2dUT340zcIBNSw'),(70,'eyJ0eXAiOiJKV1QiLCJhbGciOiJIUzUxMiJ9.eyJzdWIiOiIwMTA4ODQyMjkyMiIsImlzcyI6InNzYWZ5LmNvbSIsImV4cCI6MTY2MTg2MDEwMiwiaWF0IjoxNjYwNTY0MTAyfQ.gdId_uOCooHOYi_vfkwQPysVegWn_mJlIaZoOl3ir7HIdFhfHTtqZtSvX08-wnxGLApoEj9PVd7ReYFc_4mM5A'),(71,'eyJ0eXAiOiJKV1QiLCJhbGciOiJIUzUxMiJ9.eyJzdWIiOiIwMTA4ODQyMjkyMiIsImlzcyI6InNzYWZ5LmNvbSIsImV4cCI6MTY2MTg2MTYxMywiaWF0IjoxNjYwNTY1NjEzfQ.MaHIEsRQI0JVIKXqGC9X2pODtcnlq0xg1B3L2Jw43BDBtRQ4r26YKDFatY-oec9UfOYXZ47cOrdffwavgq5GSw'),(72,'eyJ0eXAiOiJKV1QiLCJhbGciOiJIUzUxMiJ9.eyJzdWIiOiIwMTA4ODQyMjkyMiIsImlzcyI6InNzYWZ5LmNvbSIsImV4cCI6MTY2MTg2MzMwMSwiaWF0IjoxNjYwNTY3MzAxfQ.dk_fwmJUxKARzBEI-fsrJiAwI1dguLYyFOKFdAM0kk8GmvITuAjT7gU9EOM24NyysE-4ebkAX0eHlUF8FDwZ5A'),(73,'eyJ0eXAiOiJKV1QiLCJhbGciOiJIUzUxMiJ9.eyJzdWIiOiIwMTA4ODQyMjkyMiIsImlzcyI6InNzYWZ5LmNvbSIsImV4cCI6MTY2MTg2NDQzNCwiaWF0IjoxNjYwNTY4NDM0fQ.MnWMzNssKBhI7GGFTxvagMvbNoXcIeR2uXeOczIbWboQtMh510wtDMWpRFqXGPOgXKVLqAN6jfzRQ0sl5qmGAw'),(74,'eyJ0eXAiOiJKV1QiLCJhbGciOiJIUzUxMiJ9.eyJzdWIiOiIwMTA4ODQyMjkyMiIsImlzcyI6InNzYWZ5LmNvbSIsImV4cCI6MTY2MTg2NDkwMCwiaWF0IjoxNjYwNTY4OTAwfQ.iv_xQGvoHFmjH-ZU7avT4Q293t7VNVoOU1cxUK7IdMoERyyZRgEEQXXRw_ssjGFSfnyyonfwSvUh23CNynqEHg'),(77,'eyJ0eXAiOiJKV1QiLCJhbGciOiJIUzUxMiJ9.eyJzdWIiOiIwMTA4ODQyMjkyMiIsImlzcyI6InNzYWZ5LmNvbSIsImV4cCI6MTY2MTg2Nzg3NiwiaWF0IjoxNjYwNTcxODc2fQ.QoERdNERHNYhrxYUivCD53rm8SD8ZDQVjdlQem0DHZAkHWhdUOPuM2KgUNfkVKM4juUfRgbDPatkn3_ZydoJtg'),(76,'eyJ0eXAiOiJKV1QiLCJhbGciOiJIUzUxMiJ9.eyJzdWIiOiIwMTA4ODQyMjkyMiIsImlzcyI6InNzYWZ5LmNvbSIsImV4cCI6MTY2MTg2Nzc5MSwiaWF0IjoxNjYwNTcxNzkxfQ.qDt7XrlgolYgXTkKGvQoC7kgs6rmt-GjeXYRcLCihfi3JSVghvsh0xLOm7UzUUJcrpmjTS9vgbaVlozUvrWrLg'),(78,'eyJ0eXAiOiJKV1QiLCJhbGciOiJIUzUxMiJ9.eyJzdWIiOiIwMTA4ODQyMjkyMiIsImlzcyI6InNzYWZ5LmNvbSIsImV4cCI6MTY2MTg3MTg0OCwiaWF0IjoxNjYwNTc1ODQ4fQ.CUpw9aprRneGpsIvPgHhe71F8yqBd4IVWJXsHMEBx0yN_MGK__1eHVTe7Daolyi_G3VjOVZIm2wNC2UStbtozg'),(79,'eyJ0eXAiOiJKV1QiLCJhbGciOiJIUzUxMiJ9.eyJzdWIiOiIwMTA4ODQyMjkyMiIsImlzcyI6InNzYWZ5LmNvbSIsImV4cCI6MTY2MTg3MjI4MiwiaWF0IjoxNjYwNTc2MjgyfQ.xW68HQYvJFPlsNa9wtTIDChby9OPBydpXkKkFfiencpJP5CVsoQzcmrfwFLt8Mb5aEXgGmQbPL7o_GSLZTVZmA'),(80,'eyJ0eXAiOiJKV1QiLCJhbGciOiJIUzUxMiJ9.eyJzdWIiOiIwMTA4ODQyMjkyMiIsImlzcyI6InNzYWZ5LmNvbSIsImV4cCI6MTY2MTg3MjMyNywiaWF0IjoxNjYwNTc2MzI3fQ.NxN2EI7U5Emwip08BvDN3AeNPhg2CKMf457tyifnaiWK-S4Br69jXP4IqfDi21cWByYCGOyxrGfEe03RoyNxXA'),(81,'eyJ0eXAiOiJKV1QiLCJhbGciOiJIUzUxMiJ9.eyJzdWIiOiIwMTA4ODQyMjkyMiIsImlzcyI6InNzYWZ5LmNvbSIsImV4cCI6MTY2MTg3MjQxNCwiaWF0IjoxNjYwNTc2NDE0fQ.9GXP03fDe1V-pThnVNR0ESIPyyXi35nI6vh6fYXz2h2e2qhWMU4Rtz-dxnk-crnIiU-qQUu2_4OFmldOzPJfkQ'),(82,'eyJ0eXAiOiJKV1QiLCJhbGciOiJIUzUxMiJ9.eyJzdWIiOiIwMTA4ODQyMjkyMiIsImlzcyI6InNzYWZ5LmNvbSIsImV4cCI6MTY2MTg3MjU4NiwiaWF0IjoxNjYwNTc2NTg2fQ.huEDAZgQ7s4fiVAjVHVXKo4f4HecyM_iDeQ7HNnDrc3aDLio3eaQFD09BQcgkOAjcwDxPmzoUE3q3KRsqfg74g'),(83,'eyJ0eXAiOiJKV1QiLCJhbGciOiJIUzUxMiJ9.eyJzdWIiOiIwMTA4ODQyMjkyMiIsImlzcyI6InNzYWZ5LmNvbSIsImV4cCI6MTY2MTg3Mjg5NywiaWF0IjoxNjYwNTc2ODk3fQ.qVlt7QUexfwnvEHTjbCN0i8MPIsuzGKowXuvKtH5Ogzl5TKpZ8H-_At9waq9Ul5uFod_pd18a7_8arPg_WzAiw'),(84,'eyJ0eXAiOiJKV1QiLCJhbGciOiJIUzUxMiJ9.eyJzdWIiOiIwMTA4ODQyMjkyMiIsImlzcyI6InNzYWZ5LmNvbSIsImV4cCI6MTY2MTg3Mjk1NywiaWF0IjoxNjYwNTc2OTU3fQ.mCN1s_TFU7sg_arBAs_dwZjugQ73BZO2zVY38Dz0J7VRR-SJgwFZZsq7I7ld5b4U0UdO3u0T6lT9aKzUTq3yBg'),(85,'eyJ0eXAiOiJKV1QiLCJhbGciOiJIUzUxMiJ9.eyJzdWIiOiIwMTA4ODQyMjkyMiIsImlzcyI6InNzYWZ5LmNvbSIsImV4cCI6MTY2MTg3Mjk4MywiaWF0IjoxNjYwNTc2OTgzfQ.lkL8ZOFAZ6XS2qZe44hzJa0XlgMHY4Co5ozNXgupyN33ypbDTUZMpsWKk84c8-UTRAeK0-fmF8AutFi0PrX_gw'),(86,'eyJ0eXAiOiJKV1QiLCJhbGciOiJIUzUxMiJ9.eyJzdWIiOiIwMTA4ODQyMjkyMiIsImlzcyI6InNzYWZ5LmNvbSIsImV4cCI6MTY2MTg3MzE2OSwiaWF0IjoxNjYwNTc3MTY5fQ.UrFDBLyLoKZmuxb_55Jpc2P5x3n9AL_q6GWMK1hgv_Yz1oOXG1ZzTjuejhSTyf-Uu-36R5Lj0mjz9GiIoB4SAw'),(87,'eyJ0eXAiOiJKV1QiLCJhbGciOiJIUzUxMiJ9.eyJzdWIiOiIwMTA4ODQyMjkyMiIsImlzcyI6InNzYWZ5LmNvbSIsImV4cCI6MTY2MTg3MzE3MywiaWF0IjoxNjYwNTc3MTczfQ.eAu7pwRoB2XMs2z75ZyPt2xNDqVTR6FYhGIqjJvL-JaTpSRSHx_mIfUOArzreX5s2Qg7lVlA9ouHqY18RAPaow'),(88,'eyJ0eXAiOiJKV1QiLCJhbGciOiJIUzUxMiJ9.eyJzdWIiOiIwMTA4ODQyMjkyMiIsImlzcyI6InNzYWZ5LmNvbSIsImV4cCI6MTY2MTg3MzE3OCwiaWF0IjoxNjYwNTc3MTc4fQ.R40hIxr8mB-x5YFWjPY2yUlxqsn_ktfpNYzQMFzfIvMUEIN3zFRshgUH0CmUu4N7DVezfFGZj_AbjdrZQhOpFg'),(89,'eyJ0eXAiOiJKV1QiLCJhbGciOiJIUzUxMiJ9.eyJzdWIiOiIwMTA4ODQyMjkyMiIsImlzcyI6InNzYWZ5LmNvbSIsImV4cCI6MTY2MTg3MzE3OSwiaWF0IjoxNjYwNTc3MTc5fQ.EjetC80iXqRw849P89Rsekf86k_Wm9k36hoXbJJDOfBXxhF851g9SpyxdaGyEtbQfwC3JBRDkhdrOVBoSs5NVQ'),(90,'eyJ0eXAiOiJKV1QiLCJhbGciOiJIUzUxMiJ9.eyJzdWIiOiIwMTA4ODQyMjkyMiIsImlzcyI6InNzYWZ5LmNvbSIsImV4cCI6MTY2MTg3MzE4MSwiaWF0IjoxNjYwNTc3MTgxfQ.rqaZMyZUM076FbazWuk0MUvPDnRW7VaKXQ-ugMu4zDcs0PpmtzMHn0Fs6u2BfWEn3hvWxCpTcb1wQRRhhQPhCQ'),(91,'eyJ0eXAiOiJKV1QiLCJhbGciOiJIUzUxMiJ9.eyJzdWIiOiIwMTA4ODQyMjkyMiIsImlzcyI6InNzYWZ5LmNvbSIsImV4cCI6MTY2MTg3MzE4MiwiaWF0IjoxNjYwNTc3MTgyfQ.F4k7gfOwjmjsExXtqGmAGQUrZ3kJZmuVdARyQAEoLjpa5e2FfkE0c-c5KVkfzBl7w1O_HdV6HNa3LnyZtU03pg'),(92,'eyJ0eXAiOiJKV1QiLCJhbGciOiJIUzUxMiJ9.eyJzdWIiOiIwMTA4ODQyMjkyMiIsImlzcyI6InNzYWZ5LmNvbSIsImV4cCI6MTY2MTg3MzIwOSwiaWF0IjoxNjYwNTc3MjA5fQ.xl7g-vmHrgfXi0gchU736yzr7mG0XA8n-KxnFeCj8r7dE_a5yQBAcZu__mqyQVNkZo5zWCYQJPMRqb59IvrWqA'),(93,'eyJ0eXAiOiJKV1QiLCJhbGciOiJIUzUxMiJ9.eyJzdWIiOiIwMTA4ODQyMjkyMiIsImlzcyI6InNzYWZ5LmNvbSIsImV4cCI6MTY2MTg3MzIyMywiaWF0IjoxNjYwNTc3MjIzfQ.XOAXuFgdHRMYOLhlGcHihgmCGCdljF_4bE64FAFfXNBfMsGdCSJ5ghb5-x2OH5bXR-P6lNTNH9zftlD0wwwg0Q'),(94,'eyJ0eXAiOiJKV1QiLCJhbGciOiJIUzUxMiJ9.eyJzdWIiOiIwMTA4ODQyMjkyMiIsImlzcyI6InNzYWZ5LmNvbSIsImV4cCI6MTY2MTg3MzI0NSwiaWF0IjoxNjYwNTc3MjQ1fQ.dUTBwwBvaI-Ojd-ElJ-VI0E1pWY8tEy5Dxfou3dOQ3wR7-waNTs3MPE2o5HNYemg7qd8J0t7ocyO-_WbKxrH9Q'),(95,'eyJ0eXAiOiJKV1QiLCJhbGciOiJIUzUxMiJ9.eyJzdWIiOiIwMTA4ODQyMjkyMiIsImlzcyI6InNzYWZ5LmNvbSIsImV4cCI6MTY2MTg3MzI0NywiaWF0IjoxNjYwNTc3MjQ3fQ.QyVzXPkp8ujmdS50idzv-0dwMlb-HhN_-D4Mq6RIH9KShsZ-NuFuudq0VhDob47FrMf3PwS97NfI1Uak-k2X-Q'),(96,'eyJ0eXAiOiJKV1QiLCJhbGciOiJIUzUxMiJ9.eyJzdWIiOiIwMTA4ODQyMjkyMiIsImlzcyI6InNzYWZ5LmNvbSIsImV4cCI6MTY2MTg3MzMxOCwiaWF0IjoxNjYwNTc3MzE4fQ.4tIgE47lNowAjNw_Kd1vSfrNi8hTRwQSHFeywkudBVuYdA4BxKgECqUB8jvg3Y-Xy-JXUbx0MuT2wsNLgysdHA'),(97,'eyJ0eXAiOiJKV1QiLCJhbGciOiJIUzUxMiJ9.eyJzdWIiOiIwMTA4ODQyMjkyMiIsImlzcyI6InNzYWZ5LmNvbSIsImV4cCI6MTY2MTg3MzMyMSwiaWF0IjoxNjYwNTc3MzIxfQ.JcjuOjkOdYjfYlgFcQETIWQYCje0pArf_B-rvsfxLPBrRwm5F348mPWTjjL9J3ta6_1nCCKIkiptWSHWshf9Tg'),(98,'eyJ0eXAiOiJKV1QiLCJhbGciOiJIUzUxMiJ9.eyJzdWIiOiIwMTA4ODQyMjkyMiIsImlzcyI6InNzYWZ5LmNvbSIsImV4cCI6MTY2MTg3MzM0MywiaWF0IjoxNjYwNTc3MzQzfQ.07JM6FvLxBQg-BHeiC5YtJUf0nKmMrD4CQmjMn1yGK2L-ycIfjLLTAVLpIPyaRfPvfFnP-9tDmBKJezEsEgFEw'),(99,'eyJ0eXAiOiJKV1QiLCJhbGciOiJIUzUxMiJ9.eyJzdWIiOiIwMTA4ODQyMjkyMiIsImlzcyI6InNzYWZ5LmNvbSIsImV4cCI6MTY2MTg3MzQzNywiaWF0IjoxNjYwNTc3NDM3fQ.B2HlE0qPIKzTvvf6ULPmGPhQhu5pVvOKoFE6ZkPKmLpLJ_yfROP-wFPpEkOd6r803O47z9MRMWcNTrCXqZ4llg'),(100,'eyJ0eXAiOiJKV1QiLCJhbGciOiJIUzUxMiJ9.eyJzdWIiOiIwMTA4ODQyMjkyMiIsImlzcyI6InNzYWZ5LmNvbSIsImV4cCI6MTY2MTg3MzUzMiwiaWF0IjoxNjYwNTc3NTMyfQ.8US-JD7qDzIEcbYJTf2XKlqSD8vj4w1Mns-2PC3yHHsEX7-tz8Tizhy5Ik9OqwB4eBKMo0ImPt2hLFk4WrJytQ'),(101,'eyJ0eXAiOiJKV1QiLCJhbGciOiJIUzUxMiJ9.eyJzdWIiOiIwMTA4ODQyMjkyMiIsImlzcyI6InNzYWZ5LmNvbSIsImV4cCI6MTY2MTg3MzU1NiwiaWF0IjoxNjYwNTc3NTU2fQ.abjiUFN1Q6mnkedbC-tw2hILVduek-YGIX2BOatFv0P4CXgiSwL-g-y4dd31-PaOX00hOOdqiJy8xZRjbRvVHg'),(102,'eyJ0eXAiOiJKV1QiLCJhbGciOiJIUzUxMiJ9.eyJzdWIiOiIwMTA4ODQyMjkyMiIsImlzcyI6InNzYWZ5LmNvbSIsImV4cCI6MTY2MTg3MzU1OSwiaWF0IjoxNjYwNTc3NTU5fQ.e359ORHx1fXJ__YB_P0AJ9I3-TTn_PbH9q7zRKQTFucJUEXrza28yvLCWdL3kpTSd9ZKAeNO9UQlSB4rMXMbgw'),(103,'eyJ0eXAiOiJKV1QiLCJhbGciOiJIUzUxMiJ9.eyJzdWIiOiIwMTA4ODQyMjkyMiIsImlzcyI6InNzYWZ5LmNvbSIsImV4cCI6MTY2MTg3MzU2MCwiaWF0IjoxNjYwNTc3NTYwfQ.IAArNA4mGjWMVIK6kHwbk8GaRGwN8GgDo92RFQPq3relh1MAPJVevQTBmYo3CMVoVKjp5bRaSzw3n92q89GStA'),(104,'eyJ0eXAiOiJKV1QiLCJhbGciOiJIUzUxMiJ9.eyJzdWIiOiIwMTA4ODQyMjkyMiIsImlzcyI6InNzYWZ5LmNvbSIsImV4cCI6MTY2MTg3MzYxNSwiaWF0IjoxNjYwNTc3NjE1fQ.ULUwJQz38gVLuSuZ9Gz_3qBHZnsz4pR_8GHE2d1snhQ8jQ7jSVprIfH1acwE-V6UVn7kKlVssOSpBin7Vx0IkA'),(105,'eyJ0eXAiOiJKV1QiLCJhbGciOiJIUzUxMiJ9.eyJzdWIiOiIwMTA4ODQyMjkyMiIsImlzcyI6InNzYWZ5LmNvbSIsImV4cCI6MTY2MTg3MzYyNiwiaWF0IjoxNjYwNTc3NjI2fQ.IKa6L7Gp1YIbbJiqT_7xfCxugLSCpHWGGZ7zyIpPizRBZtH-6Y972TSxbXpLZI9I-1ZD_jYwLk9ICyg4c8eQFg'),(106,'eyJ0eXAiOiJKV1QiLCJhbGciOiJIUzUxMiJ9.eyJzdWIiOiIwMTA4ODQyMjkyMiIsImlzcyI6InNzYWZ5LmNvbSIsImV4cCI6MTY2MTg3MzYzNywiaWF0IjoxNjYwNTc3NjM3fQ.U-Dy_4zKIKPZdqEi2C5pjSA2oQmcEe2bDOWoY5V0AhyhsNY-UpwBE5ew52Dk4zu8OExColzDXVzbClpYLb1LEA'),(107,'eyJ0eXAiOiJKV1QiLCJhbGciOiJIUzUxMiJ9.eyJzdWIiOiIwMTA4ODQyMjkyMiIsImlzcyI6InNzYWZ5LmNvbSIsImV4cCI6MTY2MTg3MzY0OCwiaWF0IjoxNjYwNTc3NjQ4fQ.lKp4zZ6_e-gb3B3tdcnHKgl-HI2iENa5oMAFrMhouU57eFl20xt7EtOM1xz-psgihOed2j6MNYyI1VL1vcApuQ'),(108,'eyJ0eXAiOiJKV1QiLCJhbGciOiJIUzUxMiJ9.eyJzdWIiOiIwMTA4ODQyMjkyMiIsImlzcyI6InNzYWZ5LmNvbSIsImV4cCI6MTY2MTg3MzY1OCwiaWF0IjoxNjYwNTc3NjU4fQ.a7JvmfXjOoWczC1ePMTB-4SCOoHfEOvB9Jqfn5bHG1Zn4PXh7LbEfUeh2PSxvOr_kWDgJgM-wXKnrS3LlSS_tg'),(109,'eyJ0eXAiOiJKV1QiLCJhbGciOiJIUzUxMiJ9.eyJzdWIiOiIwMTA4ODQyMjkyMiIsImlzcyI6InNzYWZ5LmNvbSIsImV4cCI6MTY2MTg3MzcwMywiaWF0IjoxNjYwNTc3NzAzfQ.dW7m91o9gt7BTVnK4V1L7Q_EQckRWXnnPOFSwFTU8eOlcwRhat3dnkKY89ypQ1GAcVh_rDfsyoYPsCvOIYz99Q'),(110,'eyJ0eXAiOiJKV1QiLCJhbGciOiJIUzUxMiJ9.eyJzdWIiOiIwMTA4ODQyMjkyMiIsImlzcyI6InNzYWZ5LmNvbSIsImV4cCI6MTY2MTg3MzcxMywiaWF0IjoxNjYwNTc3NzEzfQ.ZFK2_LdknzszCGUmjgZezF_bo0nTTHN8nxJkCrGlLSVmNLQdvFvaEWpcx7XoqIkcnT6TNVH3d3-pW0VUrjmZDA'),(111,'eyJ0eXAiOiJKV1QiLCJhbGciOiJIUzUxMiJ9.eyJzdWIiOiIwMTA4ODQyMjkyMiIsImlzcyI6InNzYWZ5LmNvbSIsImV4cCI6MTY2MTg3MzcxNSwiaWF0IjoxNjYwNTc3NzE1fQ.94Z6ARcGc4rl4mpPSlamJZFxC4C2Lg1HidE5guXtJ-H6ecSrAFcvptFC1FySoXHaoT_BuvpX0Dp250z5MXyeVw'),(112,'eyJ0eXAiOiJKV1QiLCJhbGciOiJIUzUxMiJ9.eyJzdWIiOiIwMTA4ODQyMjkyMiIsImlzcyI6InNzYWZ5LmNvbSIsImV4cCI6MTY2MTg3Mzc3NywiaWF0IjoxNjYwNTc3Nzc3fQ.CqVkZ4wcm5bbopXjrfVfzVh2WcPl-D-MJuyzFLag2McwQ5h6hVvJKzgBdF1PsM_Hw-zNqVH5VXZWSQdFMQMDVA'),(113,'eyJ0eXAiOiJKV1QiLCJhbGciOiJIUzUxMiJ9.eyJzdWIiOiIwMTA4ODQyMjkyMiIsImlzcyI6InNzYWZ5LmNvbSIsImV4cCI6MTY2MTg3MzgyMywiaWF0IjoxNjYwNTc3ODIzfQ.1BunE6XvimaC3PsEyufd4suXAMbgW0MlbGtMFfXAD68SlmQRM8eF3ATIlzQKSk-t_YqMBJ4Q7yB3SwRo7CJFFg'),(114,'eyJ0eXAiOiJKV1QiLCJhbGciOiJIUzUxMiJ9.eyJzdWIiOiIwMTA4ODQyMjkyMiIsImlzcyI6InNzYWZ5LmNvbSIsImV4cCI6MTY2MTg3MzgzNCwiaWF0IjoxNjYwNTc3ODM0fQ.6uyUMytkDn-sXzLNYZCG0wEXsHZcJXJX7_cfMJpH1m8541tPKmf8mHNBFXBHuk9MRvG1joObVh9Yyiho32cQ8w'),(115,'eyJ0eXAiOiJKV1QiLCJhbGciOiJIUzUxMiJ9.eyJzdWIiOiIwMTA4ODQyMjkyMiIsImlzcyI6InNzYWZ5LmNvbSIsImV4cCI6MTY2MTg3MzgzNiwiaWF0IjoxNjYwNTc3ODM2fQ.aj5ugrg-aNQzXApNUMjN_PGIx8ygi6VT-GrwZQ8UoT1u6py-ye6pmyxSwCArP5iiM_b_bbyZP6e1DaQCaKx27Q'),(116,'eyJ0eXAiOiJKV1QiLCJhbGciOiJIUzUxMiJ9.eyJzdWIiOiIwMTA4ODQyMjkyMiIsImlzcyI6InNzYWZ5LmNvbSIsImV4cCI6MTY2MTg3MzgzOCwiaWF0IjoxNjYwNTc3ODM4fQ.wql_9xorNof9vQoAqG3hxoUbmcJGIGzOp2WNTS5Fq5AmOwY2aDeHkWGFqTRHmkGlfeQav4HPAQ_V6rztsFgDJA'),(117,'eyJ0eXAiOiJKV1QiLCJhbGciOiJIUzUxMiJ9.eyJzdWIiOiIwMTA4ODQyMjkyMiIsImlzcyI6InNzYWZ5LmNvbSIsImV4cCI6MTY2MTg3MzkzOSwiaWF0IjoxNjYwNTc3OTM5fQ.tZFlH7PgMOyFajj51WfP7Gya8ScNdzb9x9pzDxsLHmxkgJ0FmLqL-Gc92o5QMxbEsg6G_2Fg1twKY3BGNsMxUg'),(118,'eyJ0eXAiOiJKV1QiLCJhbGciOiJIUzUxMiJ9.eyJzdWIiOiIwMTA4ODQyMjkyMiIsImlzcyI6InNzYWZ5LmNvbSIsImV4cCI6MTY2MTg3Mzk0MSwiaWF0IjoxNjYwNTc3OTQxfQ.uh_sphTY3cKImAZZJmaCUpH7jJgzgDthX_-TneZhpbP7HleuWdSAlH3_Ufc1So3-7vHH4TBSQk27iIC4h80kBQ'),(119,'eyJ0eXAiOiJKV1QiLCJhbGciOiJIUzUxMiJ9.eyJzdWIiOiIwMTA4ODQyMjkyMiIsImlzcyI6InNzYWZ5LmNvbSIsImV4cCI6MTY2MTg3Mzk1NiwiaWF0IjoxNjYwNTc3OTU2fQ.fEPRzCjrxX8XHX3BO_Tca9yzaC12B7sKSdZ31_L_i9tmoS2wmqutIedxzbDMVvlR4XNgS_eNrRNJAIQs85tMRw'),(120,'eyJ0eXAiOiJKV1QiLCJhbGciOiJIUzUxMiJ9.eyJzdWIiOiIwMTA4ODQyMjkyMiIsImlzcyI6InNzYWZ5LmNvbSIsImV4cCI6MTY2MTg3Mzk3NCwiaWF0IjoxNjYwNTc3OTc0fQ.Elw_tYhaPMLfdOu8sxkpWwRaIQWDPhh1A0D5Kl69GBLZLzP7O3TrTAOAOyHAG3BrVU0v0remM1YdQeG4jZm62Q'),(121,'eyJ0eXAiOiJKV1QiLCJhbGciOiJIUzUxMiJ9.eyJzdWIiOiIwMTAwMDAwMDAwMCIsImlzcyI6InNzYWZ5LmNvbSIsImV4cCI6MTY2MTg3NDMzMSwiaWF0IjoxNjYwNTc4MzMxfQ._kkJ-cAi6zHnZtWfJ3lcGl9nCNsrmVImp2Qtlo0JQGoxYBRFsDA7oOhRu8OdZXW_t3LKvVRzeV3U1U_gKNmKQw'),(123,'eyJ0eXAiOiJKV1QiLCJhbGciOiJIUzUxMiJ9.eyJzdWIiOiIwMTA4ODQyMjkyMiIsImlzcyI6InNzYWZ5LmNvbSIsImV4cCI6MTY2MTg4MTU0MCwiaWF0IjoxNjYwNTg1NTQwfQ.QYgJEX-2Z8OJ1UmQXllAOLOvr-tWKKy91XpUQ5rg1KewbH-i2LbqMMDQkrHsFgZXCd2LFqLmrxL3rO4ZZV8H8A'),(124,'eyJ0eXAiOiJKV1QiLCJhbGciOiJIUzUxMiJ9.eyJzdWIiOiIwMTA4ODQyMjkyMiIsImlzcyI6InNzYWZ5LmNvbSIsImV4cCI6MTY2MTg4MzAxMCwiaWF0IjoxNjYwNTg3MDEwfQ.B9jXvziHcmFxYQg2Wx7EIYJLpyvW9kzZoiTB4JnPc0wWbG2wQwciGUZQPgZWAc8kZPi86UV8M5LDdWWleA_acg'),(125,'eyJ0eXAiOiJKV1QiLCJhbGciOiJIUzUxMiJ9.eyJzdWIiOiIwMTAwMDAwMDAwMCIsImlzcyI6InNzYWZ5LmNvbSIsImV4cCI6MTY2MTg4NzQ4OSwiaWF0IjoxNjYwNTkxNDg5fQ.CswHodAsQchAkk1mMVsVyJ01KqJJgWR665TD7d8NA2al4KG_bssEIZyx0dBNdklMFpFVOiis85orglx8hknI1g'),(126,'eyJ0eXAiOiJKV1QiLCJhbGciOiJIUzUxMiJ9.eyJzdWIiOiIwMTAwMDAwMDAwMCIsImlzcyI6InNzYWZ5LmNvbSIsImV4cCI6MTY2MTg4ODU0OSwiaWF0IjoxNjYwNTkyNTQ5fQ.gBHgw-f8zx_YcNhLRpkea2gNuv_l5SJCUEqRjjlGavy1rsE3E16l-8ZG5eiFLibfqQ5Ee3Pom1G7qAgdcWjcfg'),(215,'eyJ0eXAiOiJKV1QiLCJhbGciOiJIUzUxMiJ9.eyJzdWIiOiIwMTA4ODQyMjkyMiIsImlzcyI6InNzYWZ5LmNvbSIsImV4cCI6MTY2MTk4MDE5OSwiaWF0IjoxNjYwNjg0MTk5fQ.RW4y8MaKGB4ui4kK-AsGYylmuQCY9uEN2mhJS3ITC_pTKAsrcgOd7I9-S9El71lIhLxsro_rkXoL4pY0wZ6_fA'),(160,'eyJ0eXAiOiJKV1QiLCJhbGciOiJIUzUxMiJ9.eyJzdWIiOiIwMTA4ODQyMjkyMiIsImlzcyI6InNzYWZ5LmNvbSIsImV4cCI6MTY2MTkxOTMyNywiaWF0IjoxNjYwNjIzMzI3fQ.v9hFAXCiW7rmrAE9He-eixB69ygz3eZ6BD1QyzyiAn53zc9sfRAlZToiT7jmLH-JqJj20RSO2lzqhEh78oX5LA'),(132,'eyJ0eXAiOiJKV1QiLCJhbGciOiJIUzUxMiJ9.eyJzdWIiOiIwMTA4ODQyMjkyMiIsImlzcyI6InNzYWZ5LmNvbSIsImV4cCI6MTY2MTg5MzkyOCwiaWF0IjoxNjYwNTk3OTI4fQ.Wk0GC0g17yBepl1eWX0LoruRBrY9DJgOCJoX1l73YnPy3pxKI5YICmBkv27pj63qhqCDNBDUn3xZaEUHJ8Y6QA'),(133,'eyJ0eXAiOiJKV1QiLCJhbGciOiJIUzUxMiJ9.eyJzdWIiOiIwMTAwMDAwMDAwMCIsImlzcyI6InNzYWZ5LmNvbSIsImV4cCI6MTY2MTg5NTQxNiwiaWF0IjoxNjYwNTk5NDE2fQ.GDM6AfEoz1wxrG-erYScgL5pOSekbclgDSzCkW8OOYwrgNkUL-HIMA801ToR5piT4Z1mdxzpFWAWct1NYKsxEg'),(134,'eyJ0eXAiOiJKV1QiLCJhbGciOiJIUzUxMiJ9.eyJzdWIiOiIwMTAwMDAwMDAwMCIsImlzcyI6InNzYWZ5LmNvbSIsImV4cCI6MTY2MTg5NTQzMywiaWF0IjoxNjYwNTk5NDMzfQ.22gRSa1pah_3BEh_l55lCHS8o2xtM0aqHNCo0g4kQiafVbm-yEVoKtn39cCExV5rkEZnsNcvb1QsSjy8_7ONaQ'),(135,'eyJ0eXAiOiJKV1QiLCJhbGciOiJIUzUxMiJ9.eyJzdWIiOiIwMTAwMDAwMDAwMCIsImlzcyI6InNzYWZ5LmNvbSIsImV4cCI6MTY2MTg5NTU3MCwiaWF0IjoxNjYwNTk5NTcwfQ.st93jubKjrIzWCO3qjpFbMXLpbKxwNyzomjuJ-jhjlZuUrCaaFUeookSQ88XCcxymn82GgiaEqnkgqfPaXPqzg'),(136,'eyJ0eXAiOiJKV1QiLCJhbGciOiJIUzUxMiJ9.eyJzdWIiOiIwMTAwMDAwMDAwMCIsImlzcyI6InNzYWZ5LmNvbSIsImV4cCI6MTY2MTg5NjI2NSwiaWF0IjoxNjYwNjAwMjY1fQ.igIUFiCYpWZz9mKi17NqsTvBm_qWOBWwu5U88hk-zEkskzfBoJLUfQzXFjepTQXiXrbRpt6I7o97luwCjyc0ow'),(137,'eyJ0eXAiOiJKV1QiLCJhbGciOiJIUzUxMiJ9.eyJzdWIiOiIwMTAwMDAwMDAwMCIsImlzcyI6InNzYWZ5LmNvbSIsImV4cCI6MTY2MTkwNDU4OCwiaWF0IjoxNjYwNjA4NTg4fQ.FZoCPmzOIrNpc1UC7fmuP9141WDHHroXEVUza0xKbCg5bekOMJuQpobEyB2K4-FRHDlzR2AotI7kYkF5XhGVLw'),(204,'eyJ0eXAiOiJKV1QiLCJhbGciOiJIUzUxMiJ9.eyJzdWIiOiIwMTA5MjQ1ODg3MyIsImlzcyI6InNzYWZ5LmNvbSIsImV4cCI6MTY2MTk0NTU5NCwiaWF0IjoxNjYwNjQ5NTk0fQ.VKixUih9puw1FX1O_zzZJ-fxlGlVfWvZRDuOuOSM6KFDzQjhJjdmUUpnNI1a-LXfzsVg15fO0bmuUokPzJM7RQ'),(230,'eyJ0eXAiOiJKV1QiLCJhbGciOiJIUzUxMiJ9.eyJzdWIiOiIwMTAyNDc4Njc5MiIsImlzcyI6InNzYWZ5LmNvbSIsImV4cCI6MTY2MTk5MjU3MywiaWF0IjoxNjYwNjk2NTczfQ.EXFumFLDlcuz78yWollhw6fO5Vu6TdhI8bn4l8pOcEdhlN06pILEFlLpJ3SfxcUIeHrrr-YzX-kXPpau4A-AJw'),(140,'eyJ0eXAiOiJKV1QiLCJhbGciOiJIUzUxMiJ9.eyJzdWIiOiIwMTA4ODQyMjkyMiIsImlzcyI6InNzYWZ5LmNvbSIsImV4cCI6MTY2MTkwNjM0OSwiaWF0IjoxNjYwNjEwMzQ5fQ.UuLuy6FD9-BTxACCySwKckeI_MltN1AXsx6TOtowWNpaNfwPE07KKTpo-FG2s8NOGRQqO4jPPlJn270lAlAC_Q'),(141,'eyJ0eXAiOiJKV1QiLCJhbGciOiJIUzUxMiJ9.eyJzdWIiOiIwMTA4ODQyMjkyMiIsImlzcyI6InNzYWZ5LmNvbSIsImV4cCI6MTY2MTkwODMxMCwiaWF0IjoxNjYwNjEyMzEwfQ.OuTdCyV7xTjtiFB1PoFTelkZXzuWjUu9ZvJ5q7EJf3nNgFIOAHwAxtW6yH0-_JoFKGQlwHurziY8crwCtzI5sQ'),(142,'eyJ0eXAiOiJKV1QiLCJhbGciOiJIUzUxMiJ9.eyJzdWIiOiIwMTA1MDI3OTY4MSIsImlzcyI6InNzYWZ5LmNvbSIsImV4cCI6MTY2MTkwODg4NiwiaWF0IjoxNjYwNjEyODg2fQ.M3DoX-_9mBpQ_JuKfFsBSIol8EYUe2imxq2EOGVdTx56Tso4rFxOAUnPuVl8GbDK6HRZ-l01Gir49xx3nxaGSA'),(164,'eyJ0eXAiOiJKV1QiLCJhbGciOiJIUzUxMiJ9.eyJzdWIiOiIwMTAwMDAwMDAwMCIsImlzcyI6InNzYWZ5LmNvbSIsImV4cCI6MTY2MTkyMDY1MSwiaWF0IjoxNjYwNjI0NjUxfQ.DdAhrCsiWjs2lK2BbzKMIPtCtASg9OnroGa0qw5BJ4sCr95c7BuQnpcuNUPu3S8B1x1lQnL5yoUaqyP9WGph4Q'),(144,'eyJ0eXAiOiJKV1QiLCJhbGciOiJIUzUxMiJ9.eyJzdWIiOiIwMTAwMDAwMDAwMCIsImlzcyI6InNzYWZ5LmNvbSIsImV4cCI6MTY2MTkxMDI3NSwiaWF0IjoxNjYwNjE0Mjc1fQ.vEwlwjWY1xd3dq11t5eosyJI6Vrl_Qs2n2P7-919LdHnaRSQFVAtGv2yNuKm7zGkLCQRO7yX3lPVuAN4jgEbug'),(145,'eyJ0eXAiOiJKV1QiLCJhbGciOiJIUzUxMiJ9.eyJzdWIiOiIwMTA4ODQyMjkyMiIsImlzcyI6InNzYWZ5LmNvbSIsImV4cCI6MTY2MTkxMTQyNSwiaWF0IjoxNjYwNjE1NDI1fQ.2f7q4bqgmU6nLBQQL3bwvhxa4eglCQKIi09ml_ZGTukh9zsj8Sr1DqF-UhQHfwhw2vi0BFBlFR6-z2Kj5Zp7rQ'),(146,'eyJ0eXAiOiJKV1QiLCJhbGciOiJIUzUxMiJ9.eyJzdWIiOiIwMTA2ODg4MDU2OCIsImlzcyI6InNzYWZ5LmNvbSIsImV4cCI6MTY2MTkxMTc4OCwiaWF0IjoxNjYwNjE1Nzg4fQ.lekQ5r-5jYfJQEU9xnimNi9E1bGrMYrV8QWlyRHchKUe4xgZYLozV52ZWOsSSuNLfLSrlYR-xft-x869CT2wGw'),(147,'eyJ0eXAiOiJKV1QiLCJhbGciOiJIUzUxMiJ9.eyJzdWIiOiIwMTAwMDAwMDAwMCIsImlzcyI6InNzYWZ5LmNvbSIsImV4cCI6MTY2MTkxMjcwMywiaWF0IjoxNjYwNjE2NzAzfQ.M2cw430OMe4x2PYKBAOTFXRZq4kevg1MW0NXNvoFPuy8G5YCVze8b_aYblgxB2C9hBIXsP2RWZwmUa9MAcESTg'),(149,'eyJ0eXAiOiJKV1QiLCJhbGciOiJIUzUxMiJ9.eyJzdWIiOiIwMTAwMDAwMDAwMCIsImlzcyI6InNzYWZ5LmNvbSIsImV4cCI6MTY2MTkxNjk1MSwiaWF0IjoxNjYwNjIwOTUxfQ.GWBd6mSfwbD5NKg1fw2P-HIPiqYJ53XATzfonIolJUphN4WrNqkxCpmZwRIHgTiwRU2ICz61urfLVJKbteZQkw'),(156,'eyJ0eXAiOiJKV1QiLCJhbGciOiJIUzUxMiJ9.eyJzdWIiOiIwMTAwMDAwMDAwMCIsImlzcyI6InNzYWZ5LmNvbSIsImV4cCI6MTY2MTkxODgzNywiaWF0IjoxNjYwNjIyODM3fQ.ddVFrXShSADnwTxQebJCJiCwONwinWV9hPgF-_Y6gWCPLxftCSorqdwdRM-QybJobXPJRLJ82AlojuCe34YDGA'),(151,'eyJ0eXAiOiJKV1QiLCJhbGciOiJIUzUxMiJ9.eyJzdWIiOiIwMTAwMDAwMDAwMCIsImlzcyI6InNzYWZ5LmNvbSIsImV4cCI6MTY2MTkxODEwNSwiaWF0IjoxNjYwNjIyMTA1fQ.MYhdx0Iu4qT41KDYzGxphqJQJTAmLgd8KjRgLMq81VGeaLrc6fB_x8pXYV11iWi4LYv_bfiBqsRfKMo9EIuXpQ'),(152,'eyJ0eXAiOiJKV1QiLCJhbGciOiJIUzUxMiJ9.eyJzdWIiOiIwMTAwMDAwMDAwMCIsImlzcyI6InNzYWZ5LmNvbSIsImV4cCI6MTY2MTkxODU1NiwiaWF0IjoxNjYwNjIyNTU2fQ.BnyVsY8LW5yMSEyF2mJ-1i8jPmyNWwPG91OpydRzjb7T4jroy0Y1XIUuhfMyz7wbGyCTSppVRVFF9jW81O6vhQ'),(154,'eyJ0eXAiOiJKV1QiLCJhbGciOiJIUzUxMiJ9.eyJzdWIiOiIwMTA4ODQyMjkyMiIsImlzcyI6InNzYWZ5LmNvbSIsImV4cCI6MTY2MTkxODcwMiwiaWF0IjoxNjYwNjIyNzAyfQ.tDvqmBX6iKP_0d3u_0_BdjQLmKvW4w3qyz9eKi6JwffWj-1utNSjKRBSLjkbn6pERgD1d-vi-CDysjozsb-DsA'),(155,'eyJ0eXAiOiJKV1QiLCJhbGciOiJIUzUxMiJ9.eyJzdWIiOiIwMTAwMDAwMDAwMCIsImlzcyI6InNzYWZ5LmNvbSIsImV4cCI6MTY2MTkxODgzMywiaWF0IjoxNjYwNjIyODMzfQ.6IBgGN1oTKoyEbnMVzHtOnnZkn2nBZk_uD2weTTLudj2f2EjePaOK9ym8OX6xMYV69HslOr2u2bwCLJu68-HRQ'),(256,'eyJ0eXAiOiJKV1QiLCJhbGciOiJIUzUxMiJ9.eyJzdWIiOiIwMTA1MDI3OTY4MSIsImlzcyI6InNzYWZ5LmNvbSIsImV4cCI6MTY2MjAxMDA0MCwiaWF0IjoxNjYwNzE0MDQwfQ.ddeaNuE6cMkmIBXUgOdYMChI11TSMfh0255nB_N8l8CcSLg0aGEU-y36OOz3uBDYYSgEldNv2ZIlIhVvRIbY0w'),(158,'eyJ0eXAiOiJKV1QiLCJhbGciOiJIUzUxMiJ9.eyJzdWIiOiIwMTAwMDAwMDAwMCIsImlzcyI6InNzYWZ5LmNvbSIsImV4cCI6MTY2MTkxODk0NiwiaWF0IjoxNjYwNjIyOTQ2fQ.Merk7Hcc0pml7e_8_Mu2U9lJOd5cAPTzwdHNhExFB8ZY96jhC_SoeoD2Kdg--hoQgXsqZsBP_J4hSOgqKHK5dQ'),(184,'eyJ0eXAiOiJKV1QiLCJhbGciOiJIUzUxMiJ9.eyJzdWIiOiIwMTA1NTMwOTczNyIsImlzcyI6InNzYWZ5LmNvbSIsImV4cCI6MTY2MTkyOTI2NiwiaWF0IjoxNjYwNjMzMjY2fQ.K-2Pc7sNNWn91Q-SA8lx-on16EhM6i90oN5Hm3ofHcKLekQAmcbqv0PlJQrENdOnv6RZu8qivMpWwhiTRIOK5A'),(165,'eyJ0eXAiOiJKV1QiLCJhbGciOiJIUzUxMiJ9.eyJzdWIiOiIwMTAwMDAwMDAwMCIsImlzcyI6InNzYWZ5LmNvbSIsImV4cCI6MTY2MTkyMDY5NiwiaWF0IjoxNjYwNjI0Njk2fQ.0cPhEaTsbAfcTAfminHxXo-Rza3CcpNWjQDbcw6OYLYY_wcTXML8fGwlFss0aHWzhQENiFW5tdUkHaCp2l7pBA'),(166,'eyJ0eXAiOiJKV1QiLCJhbGciOiJIUzUxMiJ9.eyJzdWIiOiIwMTAwMDAwMDAwMCIsImlzcyI6InNzYWZ5LmNvbSIsImV4cCI6MTY2MTkyMDczMywiaWF0IjoxNjYwNjI0NzMzfQ.BU3dl1BAafO5iIPt6tq22ehFb_9d-EjijVI6XdeSJu_hcTBipCFXtisWx7Metut4J5d3IlYfG2OmheXCcfh6Lg'),(167,'eyJ0eXAiOiJKV1QiLCJhbGciOiJIUzUxMiJ9.eyJzdWIiOiIwMTAwMDAwMDAwMCIsImlzcyI6InNzYWZ5LmNvbSIsImV4cCI6MTY2MTkyMDg2MywiaWF0IjoxNjYwNjI0ODYzfQ.Omf7ZQFZuf8om75KrGx3DyPPyv5x8SapslErIsrtTA_W5EIL98b4iynCHYdbJOOOGNOzYtwB-Qjg4IwrbeisFQ'),(168,'eyJ0eXAiOiJKV1QiLCJhbGciOiJIUzUxMiJ9.eyJzdWIiOiIwMTA4ODQyMjkyMiIsImlzcyI6InNzYWZ5LmNvbSIsImV4cCI6MTY2MTkyMTI1NSwiaWF0IjoxNjYwNjI1MjU1fQ.gk3wq0Um041K94Di0AG1lhXdHWftzYd-tMajdicm8b1mDyaL_zE58iTVUIhmyDPq09ZCeJb1ux5HyXqde9qhtQ'),(169,'eyJ0eXAiOiJKV1QiLCJhbGciOiJIUzUxMiJ9.eyJzdWIiOiIwMTAwMDAwMDAwMCIsImlzcyI6InNzYWZ5LmNvbSIsImV4cCI6MTY2MTkyMTQyNCwiaWF0IjoxNjYwNjI1NDI0fQ.eF4PGpEASVZPzJzAI-WyQpTUf9JwXzWaY6gXonfcESfzwnaakTZu7Ew23gxdUbtVQwSXKGJuKYsy8vGR9nFX1A'),(170,'eyJ0eXAiOiJKV1QiLCJhbGciOiJIUzUxMiJ9.eyJzdWIiOiIwMTAwMDAwMDAwMCIsImlzcyI6InNzYWZ5LmNvbSIsImV4cCI6MTY2MTkyMTUzMCwiaWF0IjoxNjYwNjI1NTMwfQ.5JJTwNQJlrc-Otwo6N0R9Lneg2qvQWodgQfXKc6fcvSlC_g0Xsi-_1j0qwDD4lhA0CvXRhhrZYtryccQCCizkg'),(171,'eyJ0eXAiOiJKV1QiLCJhbGciOiJIUzUxMiJ9.eyJzdWIiOiIwMTAwMDAwMDAwMCIsImlzcyI6InNzYWZ5LmNvbSIsImV4cCI6MTY2MTkyMTg3NywiaWF0IjoxNjYwNjI1ODc3fQ.D4Ezd3kSYSymA54HQYRu7SUAPHQXcgrwX1NFZXBGJk4foz64fek2NsQo4tnVKsjRkrHJE-XtgaI2Biuo8sx4uw'),(227,'eyJ0eXAiOiJKV1QiLCJhbGciOiJIUzUxMiJ9.eyJzdWIiOiIwMTA1NTMwOTczNyIsImlzcyI6InNzYWZ5LmNvbSIsImV4cCI6MTY2MTk5MjQxNiwiaWF0IjoxNjYwNjk2NDE2fQ.MKT9ZLr2DYbR1rUmvqLLWSwjzvDP3AROuutIRAREZ5EV4VvRz4y-elYv7q6ED9ESBM5fj-_YKYs3isP3P0pnew'),(174,'eyJ0eXAiOiJKV1QiLCJhbGciOiJIUzUxMiJ9.eyJzdWIiOiIwMTA4ODQyMjkyMiIsImlzcyI6InNzYWZ5LmNvbSIsImV4cCI6MTY2MTkyNjA1NiwiaWF0IjoxNjYwNjMwMDU2fQ.-6TbBohu2IqU-A9BzWZMb6t5EeWOggJzIdZN7k33eA3sxMkKb6jU26oSnKY_WLJplHOmEHovOfI6InND3W2WMA'),(177,'eyJ0eXAiOiJKV1QiLCJhbGciOiJIUzUxMiJ9.eyJzdWIiOiIwMTAwMDAwMDAwMCIsImlzcyI6InNzYWZ5LmNvbSIsImV4cCI6MTY2MTkyNzI2MiwiaWF0IjoxNjYwNjMxMjYyfQ.DclYvnpfKW8kZVcLhz0VH4lgw7qF3_EtGVVJVZVp5rL-pOEfNvMpF74VpEUfX1DDSdGOUTGdC4RaO3soVwb2Xg'),(180,'eyJ0eXAiOiJKV1QiLCJhbGciOiJIUzUxMiJ9.eyJzdWIiOiIwMTA1NTMwOTczNyIsImlzcyI6InNzYWZ5LmNvbSIsImV4cCI6MTY2MTkyNzY0OSwiaWF0IjoxNjYwNjMxNjQ5fQ.tlhRELVsjfhtCW7JAlNyUk-x0k8U953KqaUl2VWGyTtfrHNU8_qC0KrMtKW0wLiWpeecn4Uu8XKVK9CG9EB-5g'),(181,'eyJ0eXAiOiJKV1QiLCJhbGciOiJIUzUxMiJ9.eyJzdWIiOiIwMTAwMDAwMDAwMCIsImlzcyI6InNzYWZ5LmNvbSIsImV4cCI6MTY2MTkyNzc3NCwiaWF0IjoxNjYwNjMxNzc0fQ.5tdpFbmbFPn_qILdvzy0fZQGAKI288oXy6DPCRd0rBXdlHLMaeY5R1POd7hduOSQ7cmcDXmqAYVTziFWbaxVqQ'),(182,'eyJ0eXAiOiJKV1QiLCJhbGciOiJIUzUxMiJ9.eyJzdWIiOiIwMTAwMDAwMDAwMCIsImlzcyI6InNzYWZ5LmNvbSIsImV4cCI6MTY2MTkyNzk3NCwiaWF0IjoxNjYwNjMxOTc0fQ.FazAhOR10s0vi-b4P24BkEwGTbusOkLwDWaMPnGSQ7kuObHgdoqsbZ-Oll7Kb6bSgJ2d65PBBaOTM23zS5NRaQ'),(198,'eyJ0eXAiOiJKV1QiLCJhbGciOiJIUzUxMiJ9.eyJzdWIiOiIwMTA1NTMwOTczNyIsImlzcyI6InNzYWZ5LmNvbSIsImV4cCI6MTY2MTkzNDU0MCwiaWF0IjoxNjYwNjM4NTQwfQ.Y8uvSazdnhiofuFOegClLjmB4cIxaJXTBwQxsgWXqlyPQELo_WFSM3MQqqiHXP6j6uX8QssE0PDI4GWzQw1HYg'),(186,'eyJ0eXAiOiJKV1QiLCJhbGciOiJIUzUxMiJ9.eyJzdWIiOiIwMTA4ODQyMjkyMiIsImlzcyI6InNzYWZ5LmNvbSIsImV4cCI6MTY2MTkyOTM3MywiaWF0IjoxNjYwNjMzMzczfQ.R3PXRvnYd2wyGJ3toq1DQX9MfAUppjAcTtfdcyWPAQVvpmg_gSFaTYzkivELINfxouN3VRJQTHdIJe9sIw33_g'),(187,'eyJ0eXAiOiJKV1QiLCJhbGciOiJIUzUxMiJ9.eyJzdWIiOiIwMTAwMDAwMDAwMCIsImlzcyI6InNzYWZ5LmNvbSIsImV4cCI6MTY2MTkyOTM4NCwiaWF0IjoxNjYwNjMzMzg0fQ.257j1zPyeH_fD0N8wKyoK5HEYnPo-EylpXc3I1KL5Z4Ayh5R7UwjghKX3I6BJnBMT4FTS2S6EKYuSnZDG7QlRQ'),(228,'eyJ0eXAiOiJKV1QiLCJhbGciOiJIUzUxMiJ9.eyJzdWIiOiIwMTA1MDI3OTY4MSIsImlzcyI6InNzYWZ5LmNvbSIsImV4cCI6MTY2MTk5MjQyOCwiaWF0IjoxNjYwNjk2NDI4fQ.mQQqDkOdjjqCm8Ktyo0OI0DhrB4lIc5q8Nqv5fYLxnSG75U27Rpaz_Zjqvc05EpQ_1xmssuX_IQbZLrWXtKrMg'),(189,'eyJ0eXAiOiJKV1QiLCJhbGciOiJIUzUxMiJ9.eyJzdWIiOiIwMTAwMDAwMDAwMCIsImlzcyI6InNzYWZ5LmNvbSIsImV4cCI6MTY2MTkyOTQ5NiwiaWF0IjoxNjYwNjMzNDk2fQ.GOpeT8J0YzHBOWSCtqwDGCqOv6WvcJcX1cI1j-AAEVW7alJ7F6iJvHpCRMlc9BgVBhHS8srCv3yXiHHtxutNvw'),(190,'eyJ0eXAiOiJKV1QiLCJhbGciOiJIUzUxMiJ9.eyJzdWIiOiIwMTAwMDAwMDAwMCIsImlzcyI6InNzYWZ5LmNvbSIsImV4cCI6MTY2MTkzMTg2NCwiaWF0IjoxNjYwNjM1ODY0fQ.G45joRSSkLIfu-De0CmfIHNeEcdpz_4xXmQZGxyf4KwoBzX6OFreyA51RVEnextrE2R9B6ZAr-yXlMAjzf71Bg'),(192,'eyJ0eXAiOiJKV1QiLCJhbGciOiJIUzUxMiJ9.eyJzdWIiOiIwMTA4ODQyMjkyMiIsImlzcyI6InNzYWZ5LmNvbSIsImV4cCI6MTY2MTkzMzE2MiwiaWF0IjoxNjYwNjM3MTYyfQ.AIuI-MKwL7gzVm-DSTP603h6ybiq_UIi5Ca-ArgvnOgmDlZz0F3qrSPhygklPRlgzv5r9F6oweK32AjucfbnIw'),(193,'eyJ0eXAiOiJKV1QiLCJhbGciOiJIUzUxMiJ9.eyJzdWIiOiIwMTAwMDAwMDAwMCIsImlzcyI6InNzYWZ5LmNvbSIsImV4cCI6MTY2MTkzMzE2MiwiaWF0IjoxNjYwNjM3MTYyfQ.M7IsU5DecRTacltnGPZtUF_8fTgmbZUVloqDPQlGDGw20T6wei-QxC5sz17WF4G9iyJxKAfFZbHNcg5Yp9alNw'),(195,'eyJ0eXAiOiJKV1QiLCJhbGciOiJIUzUxMiJ9.eyJzdWIiOiIwMTA5MjQ1ODg3MyIsImlzcyI6InNzYWZ5LmNvbSIsImV4cCI6MTY2MTkzMzgwOCwiaWF0IjoxNjYwNjM3ODA4fQ.0JZ7WJSHBT680v6a2sLaK44q_yMy1CVR5UFlxmicFo8BLIvfcBzWG-G1vnayhwAUdhM4uAkT0cKdyeu41UVgqg'),(197,'eyJ0eXAiOiJKV1QiLCJhbGciOiJIUzUxMiJ9.eyJzdWIiOiIwMTAwMDAwMDAwMCIsImlzcyI6InNzYWZ5LmNvbSIsImV4cCI6MTY2MTkzNDMyOSwiaWF0IjoxNjYwNjM4MzI5fQ.LrNK0h8Lc77i8uJ6PCo0Wji8w37boRhOjoidLGEY_hJXDlPMBbu6mofo6-oehLZCTWtV0RUOh-WxjIZxrieJbw'),(206,'eyJ0eXAiOiJKV1QiLCJhbGciOiJIUzUxMiJ9.eyJzdWIiOiIwMTAwMDAwMDAwMCIsImlzcyI6InNzYWZ5LmNvbSIsImV4cCI6MTY2MTk1Mjc4NSwiaWF0IjoxNjYwNjU2Nzg1fQ.zRhifLC1_qRaIgva01htPdb6nLTPyfRlLWcwKxBDhsm65F-Oo1bz5eXYwx08Cnuy86k9MWPZ5sj0liesoqYv7A'),(203,'eyJ0eXAiOiJKV1QiLCJhbGciOiJIUzUxMiJ9.eyJzdWIiOiIwMTA4ODQyMjkyMiIsImlzcyI6InNzYWZ5LmNvbSIsImV4cCI6MTY2MTkzNjM4MiwiaWF0IjoxNjYwNjQwMzgyfQ.8GmouFH3qS82xOIrEguH5Ge1MtkuUmtpXzThvJ1w5klcuCoUm2TF3FwGTlrRQy8hWKOXzDwZqdTMsovwBW4BMQ'),(207,'eyJ0eXAiOiJKV1QiLCJhbGciOiJIUzUxMiJ9.eyJzdWIiOiIwMTAwMDAwMDAwMCIsImlzcyI6InNzYWZ5LmNvbSIsImV4cCI6MTY2MTk1MjgyNywiaWF0IjoxNjYwNjU2ODI3fQ._aAj-dXmIxpXSqGuB7WnG-PdJJw0XSiNFd-QuSGm7XsJd7lUTWlY-aQlA_ADpEXrLLVhJAKq-Et4QV7Z44_IEg'),(208,'eyJ0eXAiOiJKV1QiLCJhbGciOiJIUzUxMiJ9.eyJzdWIiOiIwMTAwMDAwMDAwMCIsImlzcyI6InNzYWZ5LmNvbSIsImV4cCI6MTY2MTk1MzY0MCwiaWF0IjoxNjYwNjU3NjQwfQ.TH4kvG2YLFrG1WT84UY30c10VxHr0wO_33yKKDDyMBBI-axCxz4Kywtts7PYfkR1QBhI6TyCdXkHvWsVxzGG9A'),(209,'eyJ0eXAiOiJKV1QiLCJhbGciOiJIUzUxMiJ9.eyJzdWIiOiIwMTAwMDAwMDAwMCIsImlzcyI6InNzYWZ5LmNvbSIsImV4cCI6MTY2MTk1Mzg3MSwiaWF0IjoxNjYwNjU3ODcxfQ.nAhwFHxub1-qcnvJlwC74IKXfb_EwoGy7ABVFLcGMQQfS7VY3Wgju2YqTxIvtzkQ7UeeJhpj-3rc49ytLPMNHg'),(210,'eyJ0eXAiOiJKV1QiLCJhbGciOiJIUzUxMiJ9.eyJzdWIiOiIwMTAwMDAwMDAwMCIsImlzcyI6InNzYWZ5LmNvbSIsImV4cCI6MTY2MTk1Mzk2NiwiaWF0IjoxNjYwNjU3OTY2fQ.bcl1eDYNdGbEps65SWYVhJbZcm0PBGqIZT4dVnFAKNKkB3BXh2g2y5eTJdyN_RN0rbG4aEutE13pW9WSJF8P7Q'),(212,'eyJ0eXAiOiJKV1QiLCJhbGciOiJIUzUxMiJ9.eyJzdWIiOiIwMTAwMDAwMDAwMCIsImlzcyI6InNzYWZ5LmNvbSIsImV4cCI6MTY2MTk1NDU3OCwiaWF0IjoxNjYwNjU4NTc4fQ.YtBnySJZxIsT1GWil11daSKKC9wawG1_4GGT69XiuOgO4ND1aqWnR0LKJGgtLK4F_pNadqk8PvWvfysgWtDsKw'),(213,'eyJ0eXAiOiJKV1QiLCJhbGciOiJIUzUxMiJ9.eyJzdWIiOiIwMTA2NjI1MzM3NCIsImlzcyI6InNzYWZ5LmNvbSIsImV4cCI6MTY2MTk1NTgxNiwiaWF0IjoxNjYwNjU5ODE2fQ.zCtl_R5GF45mrDjT1MCiIXuTwPGABdpQYMja6NaqY-q8YEHSr9f23xOrffyxGg_1Nf1ehFuNudiFh5vMDM62-A'),(219,'eyJ0eXAiOiJKV1QiLCJhbGciOiJIUzUxMiJ9.eyJzdWIiOiIwMTA5MjQ1ODg3MyIsImlzcyI6InNzYWZ5LmNvbSIsImV4cCI6MTY2MTk5MDUyOCwiaWF0IjoxNjYwNjk0NTI4fQ.gZUp-319H6A7bjUHpnPF2tLs_SYRNJe2U3enKmFKGemJOU4HlqZaKUFva-c8VbkLjBuO_PaHlI484mc-kuObuw'),(221,'eyJ0eXAiOiJKV1QiLCJhbGciOiJIUzUxMiJ9.eyJzdWIiOiIwMTAwMDAwMDAwMCIsImlzcyI6InNzYWZ5LmNvbSIsImV4cCI6MTY2MTk5MTYwMiwiaWF0IjoxNjYwNjk1NjAyfQ.nuy3WJVyxBlcY49KTDYfvCL3_-5D6koeHjcX9Ra2tOMwHTm8PJgsc9C52dZCw69BD1SMLChLslIqL3aSOCvwJQ'),(222,'eyJ0eXAiOiJKV1QiLCJhbGciOiJIUzUxMiJ9.eyJzdWIiOiIwMTAwMDAwMDAwMCIsImlzcyI6InNzYWZ5LmNvbSIsImV4cCI6MTY2MTk5MTY0NiwiaWF0IjoxNjYwNjk1NjQ2fQ.7npI5ZoQgx2r0UVRy90R6GtdOpDm-FX6pzC0xZ1htLl4mEBypwjJB7ViOEEgR1aFg_r4wkQlnVu-SHWySjDuXw'),(223,'eyJ0eXAiOiJKV1QiLCJhbGciOiJIUzUxMiJ9.eyJzdWIiOiIwMTA4ODQyMjkyMiIsImlzcyI6InNzYWZ5LmNvbSIsImV4cCI6MTY2MTk5MTY1MSwiaWF0IjoxNjYwNjk1NjUxfQ.mRS3dRMd3Yr1s1nBxe8F9sCN_p2koyx43wFrmqbLXnICDP7Kwp3bOqnXvAxtZcrJQXolSSs8fn7VE7gSyLq5hw'),(224,'eyJ0eXAiOiJKV1QiLCJhbGciOiJIUzUxMiJ9.eyJzdWIiOiIwMTAwMDAwMDAwMCIsImlzcyI6InNzYWZ5LmNvbSIsImV4cCI6MTY2MTk5MTc3MywiaWF0IjoxNjYwNjk1NzczfQ.iSR875Z4JCVbmc1Pu7CkLcoBEypNYFgTZBpMLEAjM1x0NqGMqytkkd3HXtEGXvdAGteXwTHbAQfbve_INYWJ-g'),(233,'eyJ0eXAiOiJKV1QiLCJhbGciOiJIUzUxMiJ9.eyJzdWIiOiIwMTA4ODQyMjkyMiIsImlzcyI6InNzYWZ5LmNvbSIsImV4cCI6MTY2MTk5MzQxNCwiaWF0IjoxNjYwNjk3NDE0fQ.xyymhbwwYPqzzpNxxgAQNihVR9UenmuYod7S3Eu2QsHFXOIiriNkJ1juVBqyA-PrIJ_xVG-tgqHP1Sz9GiA5dw'),(229,'eyJ0eXAiOiJKV1QiLCJhbGciOiJIUzUxMiJ9.eyJzdWIiOiIwMTAyNDc4Njc5MiIsImlzcyI6InNzYWZ5LmNvbSIsImV4cCI6MTY2MTk5MjQ1NSwiaWF0IjoxNjYwNjk2NDU1fQ.ecsBjbLFBgNgYkXRLi_LjEZEJuklvyyJVhzsaC_1GpqQ6h6c1zaBmPKoDxx8Xv1C5oCZ_lb80SwkWb0kA1aGbw'),(232,'eyJ0eXAiOiJKV1QiLCJhbGciOiJIUzUxMiJ9.eyJzdWIiOiIwMTA4ODQyMjkyMiIsImlzcyI6InNzYWZ5LmNvbSIsImV4cCI6MTY2MTk5MzM5MCwiaWF0IjoxNjYwNjk3MzkwfQ.RpdWgsHZOtT0SfPydhSAVpqQvHw3uXBueb8mXElWfLp3VoDU9Y_-RFaMtMIg8ZHzKltcafbnrm6mBWCtDZ0fXg'),(246,'eyJ0eXAiOiJKV1QiLCJhbGciOiJIUzUxMiJ9.eyJzdWIiOiIwMTA1NTMwOTc0NCIsImlzcyI6InNzYWZ5LmNvbSIsImV4cCI6MTY2MTk5NzI0OSwiaWF0IjoxNjYwNzAxMjQ5fQ.j8qPsrOVtJdx6vW0PY9g8SwPL1ovbOLPLE2qGVx-g3lIkQ89Xzs0okRAac-dCVT5yF-ck2ZK8uTmhki7LD7nJg'),(235,'eyJ0eXAiOiJKV1QiLCJhbGciOiJIUzUxMiJ9.eyJzdWIiOiIwMTA5MjQ1ODg3MyIsImlzcyI6InNzYWZ5LmNvbSIsImV4cCI6MTY2MTk5MzYzMCwiaWF0IjoxNjYwNjk3NjMwfQ.IiCa2IitNV9YkGN4zqlEd9zkK_OHyiUG0K-CIphpJHCjdaJ2rogO9aalHq_dU21HKYSxEgvO1u2fidBZGaQXLg'),(236,'eyJ0eXAiOiJKV1QiLCJhbGciOiJIUzUxMiJ9.eyJzdWIiOiIwMTA1MDI3OTY4MSIsImlzcyI6InNzYWZ5LmNvbSIsImV4cCI6MTY2MTk5MzczOSwiaWF0IjoxNjYwNjk3NzM5fQ.Pt2lvewI3hnFim5qh8bM1K0w-p55n8KcCBpSPpTMEAJzxTL00t6_uWPWO0F3UGfW2fT7EfUMEiZQAGb52_H72A'),(240,'eyJ0eXAiOiJKV1QiLCJhbGciOiJIUzUxMiJ9.eyJzdWIiOiIwMTA4ODQyMjkyMiIsImlzcyI6InNzYWZ5LmNvbSIsImV4cCI6MTY2MTk5NTU4OSwiaWF0IjoxNjYwNjk5NTg5fQ.AwnemzeLgbvPHtIbCuNPs_sOABxqE6pylAJyaJZvTuhqs3YkHZTJQzFmEHPBDdvxYSVrgvmk9itU9dYV9ENWRw'),(247,'eyJ0eXAiOiJKV1QiLCJhbGciOiJIUzUxMiJ9.eyJzdWIiOiIwMTAyNDc4Njc5MiIsImlzcyI6InNzYWZ5LmNvbSIsImV4cCI6MTY2MTk5NzM0MywiaWF0IjoxNjYwNzAxMzQzfQ.Gbpcmis0dK-DVPx-Es0791W_8ZMWlc61ps-vfHAT8TL4N69Bkm9stwa9zx5_Tslj3VfW3s7DMCKHv_WVcrchfQ'),(248,'eyJ0eXAiOiJKV1QiLCJhbGciOiJIUzUxMiJ9.eyJzdWIiOiIwMTAyNDc4Njc5MiIsImlzcyI6InNzYWZ5LmNvbSIsImV4cCI6MTY2MTk5ODUzNywiaWF0IjoxNjYwNzAyNTM3fQ._bfOxTXzcKOnOi3cUEV9nE6HmH9sZ9ngtgJ4v0Cvyjom1RjeuSwHtFT-61HC988xCc5eCwE4RwQe0RwrxqCs9A'),(249,'eyJ0eXAiOiJKV1QiLCJhbGciOiJIUzUxMiJ9.eyJzdWIiOiIwMTA4ODQyMjkyMiIsImlzcyI6InNzYWZ5LmNvbSIsImV4cCI6MTY2MTk5OTU4OCwiaWF0IjoxNjYwNzAzNTg4fQ.6E5Y5-mxL3J_Mi5fz82pfIZhlZ5rVINVfsyd8n_uaMWPHUD15qI_Y4NwR-CFWJXkrKh449IhCFd9YD_HC9pssA'),(250,'eyJ0eXAiOiJKV1QiLCJhbGciOiJIUzUxMiJ9.eyJzdWIiOiIwMTA4ODQyMjkyMiIsImlzcyI6InNzYWZ5LmNvbSIsImV4cCI6MTY2MjAwNDQxOSwiaWF0IjoxNjYwNzA4NDE5fQ.9hLYAoPdKsFnk5KWsdXlVaHF-nM2dz3Ayc8R-y1WkN3NWSJSrrqWocCZuuIFGZATx5cgZT7ThHkt1pGqRMYS6Q'),(253,'eyJ0eXAiOiJKV1QiLCJhbGciOiJIUzUxMiJ9.eyJzdWIiOiIwMTA1MDI3OTY4MSIsImlzcyI6InNzYWZ5LmNvbSIsImV4cCI6MTY2MjAwOTc2MSwiaWF0IjoxNjYwNzEzNzYxfQ.IBhypYMrbLOuEAmM4krNQ34wLvZ_Bvs7DVWGh9yCylPiQ36cWl_voAk146qgij4xLeCJT-zYGNvgqxQMzaoPZQ'),(257,'eyJ0eXAiOiJKV1QiLCJhbGciOiJIUzUxMiJ9.eyJzdWIiOiIwMTA1MDI3OTY4MSIsImlzcyI6InNzYWZ5LmNvbSIsImV4cCI6MTY2MjAxMTI0MSwiaWF0IjoxNjYwNzE1MjQxfQ.kjqAKmV-_mUAlehGnrZSUEkqKyB61lURRg7tVF5otYN-HdWS6b7B9HwaOalA1MJO02dE1i_zoSBu7o2LhLeauA');
/*!40000 ALTER TABLE `auth_refresh_save` ENABLE KEYS */;
UNLOCK TABLES;

--
-- Table structure for table `hibernate_sequence`
--

DROP TABLE IF EXISTS `hibernate_sequence`;
/*!40101 SET @saved_cs_client     = @@character_set_client */;
/*!50503 SET character_set_client = utf8mb4 */;
CREATE TABLE `hibernate_sequence` (
  `next_val` bigint DEFAULT NULL
) ENGINE=MyISAM DEFAULT CHARSET=utf8mb4 COLLATE=utf8mb4_0900_as_cs;
/*!40101 SET character_set_client = @saved_cs_client */;

--
-- Dumping data for table `hibernate_sequence`
--

LOCK TABLES `hibernate_sequence` WRITE;
/*!40000 ALTER TABLE `hibernate_sequence` DISABLE KEYS */;
INSERT INTO `hibernate_sequence` VALUES (13);
/*!40000 ALTER TABLE `hibernate_sequence` ENABLE KEYS */;
UNLOCK TABLES;

--
-- Table structure for table `image`
--

DROP TABLE IF EXISTS `image`;
/*!40101 SET @saved_cs_client     = @@character_set_client */;
/*!50503 SET character_set_client = utf8mb4 */;
CREATE TABLE `image` (
  `id` bigint NOT NULL AUTO_INCREMENT,
  `content_type` varchar(255) COLLATE utf8mb4_0900_as_cs DEFAULT NULL,
  `file_path` varchar(255) COLLATE utf8mb4_0900_as_cs DEFAULT NULL,
  `file_size` bigint DEFAULT NULL,
  `origin_file_name` varchar(255) COLLATE utf8mb4_0900_as_cs DEFAULT NULL,
  `server_file_name` varchar(255) COLLATE utf8mb4_0900_as_cs DEFAULT NULL,
  PRIMARY KEY (`id`)
) ENGINE=MyISAM AUTO_INCREMENT=64 DEFAULT CHARSET=utf8mb4 COLLATE=utf8mb4_0900_as_cs;
/*!40101 SET character_set_client = @saved_cs_client */;

--
-- Dumping data for table `image`
--

LOCK TABLES `image` WRITE;
/*!40000 ALTER TABLE `image` DISABLE KEYS */;
INSERT INTO `image` VALUES (1,'image/png','/root/pictures/default.jpg',100,'default.png','default.png'),(2,'image/png','/root/pictures/202208101037502688086397.png',100,'dog.png','202208101037502688086397.png'),(3,'string','string',100,'string','string3'),(4,'string','string',100,'string','string4'),(5,'string','string',100,'string','string5'),(6,'string','string',100,'string','string6'),(7,'string','string',100,'string','string7'),(8,'string','string',100,'string','string8'),(9,'string','string',100,'string','string9'),(10,'string','string',100,'string','string9'),(11,'image/png','/root/pictures/202208121214855606703799.png',284181,'jazz.png','202208121214855606703799.png'),(12,'image/jpeg','/root/pictures/202208121214958348406662.jpg',39066,'farmer.jpg','202208121214958348406662.jpg'),(13,'image/jpeg','/root/pictures/202208121215191151862638.jpg',39066,'farmer.jpg','202208121215191151862638.jpg'),(14,'image/jpeg','/root/pictures/202208121215258894155429.jpg',39066,'farmer.jpg','202208121215258894155429.jpg'),(15,'image/jpeg','/root/pictures/202208121215313593264971.jpg',39066,'farmer.jpg','202208121215313593264971.jpg'),(16,'image/png','/root/pictures/202208121228912591877597.png',95289,'음~12시.png','202208121228912591877597.png'),(17,'image/png','/root/pictures/202208131294361917964007.png',30658,'꼬꼬.PNG','202208131294361917964007.png'),(18,'image/png','/root/pictures/202208131294521259192782.png',30658,'꼬꼬.PNG','202208131294521259192782.png'),(19,'image/jpeg','/root/pictures/202208161513528837622014.jpg',42847,'1435762216xG5motXth41NqBSxZDGIIJlJz.jpg','202208161513528837622014.jpg'),(20,'image/png','/root/pictures/202208161559113260262453.png',104099,'싸피데이 배경-002.png','202208161559113260262453.png'),(21,'image/jpeg','/root/pictures/202208161559192804809359.jpg',546975,'Screenshot_20220816-152349_Chrome.jpg','202208161559192804809359.jpg'),(22,'image/jpeg','/root/pictures/202208161559213063762222.jpg',104671,'uqq1b1.jpg','202208161559213063762222.jpg'),(23,'image/jpeg','/root/pictures/202208161559217317250224.jpg',546975,'Screenshot_20220816-152349_Chrome.jpg','202208161559217317250224.jpg'),(24,'image/jpeg','/root/pictures/202208161559302893818799.jpg',546975,'Screenshot_20220816-152349_Chrome.jpg','202208161559302893818799.jpg'),(25,'image/jpeg','/root/pictures/202208161559392025197914.jpg',188866,'Screenshot_20220811-040512_Clock.jpg','202208161559392025197914.jpg'),(26,'image/jpeg','/root/pictures/202208161559637892000646.jpg',646862,'Screenshot_20220816-152313_Chrome.jpg','202208161559637892000646.jpg'),(27,'image/jpeg','/root/pictures/202208161559738744995410.jpg',88500,'-v22zzw.jpg','202208161559738744995410.jpg'),(28,'image/png','/root/pictures/202208161559751884452709.png',438107,'C74BB612-E92C-40A2-B93D-318E4F299651.png','202208161559751884452709.png'),(29,'image/png','/root/pictures/202208161559796969549354.png',438107,'D9BF6680-986A-46B1-8290-D190F00D1AED.png','202208161559796969549354.png'),(30,'image/jpeg','/root/pictures/202208161559837924578510.jpg',1022872,'BB868469-2C61-41D2-BBA7-7D4401BF1E78.jpeg','202208161559837924578510.jpg'),(31,'image/jpeg','/root/pictures/202208161559894273109749.jpg',141168,'Screenshot_20220721-135642_Samsung Notes.jpg','202208161559894273109749.jpg'),(32,'image/png','/root/pictures/202208161560852668076894.png',104099,'싸피데이 배경-002.png','202208161560852668076894.png'),(33,'image/png','/root/pictures/202208161565334628211313.png',738880,'1645746319457.png','202208161565334628211313.png'),(34,'image/jpeg','/root/pictures/202208161587703848257569.jpg',23042,'28_tjsdndwkd486.jpg','202208161587703848257569.jpg'),(35,'image/jpeg','/root/pictures/202208171624341097022108.jpg',1022872,'77849851-81F1-4838-B0B9-08CCF53D2D31.jpeg','202208171624341097022108.jpg'),(36,'image/jpeg','/root/pictures/202208171624365051919603.jpg',88500,'-v22zzw.jpg','202208171624365051919603.jpg'),(37,'image/png','/root/pictures/202208171624508290474126.png',284181,'jazz.png','202208171624508290474126.png'),(38,'image/jpeg','/root/pictures/202208171624512124888511.jpg',88500,'-v22zzw.jpg','202208171624512124888511.jpg'),(39,'image/jpeg','/root/pictures/202208171624874835926764.jpg',88500,'-v22zzw.jpg','202208171624874835926764.jpg'),(40,'image/png','/root/pictures/202208171625622833199098.png',356354,'ssafyday.png','202208171625622833199098.png'),(41,'image/png','/root/pictures/202208171625757149760179.png',1572,'ㅇㅇ.png','202208171625757149760179.png'),(42,'image/jepg','/root/pictures/chungyang.jpg',104099,'chungyang.jpg','chungyang.jpg'),(43,'image/png','/root/pictures/202208171625871368948923.png',1572,'ㅇㅇ.png','202208171625871368948923.png'),(44,'image/jpeg','/root/pictures/202208171626956626707930.jpg',8232,'nachung.jpg','202208171626956626707930.jpg'),(45,'image/jpeg','/root/pictures/202208171627104858989685.jpg',4975,'감자프로필.jpg','202208171627104858989685.jpg'),(46,'image/jpeg','/root/pictures/202208171627176265101646.jpg',14891,'감자방사진.jpg','202208171627176265101646.jpg'),(47,'image/jpeg','/root/pictures/202208171627269998111491.jpg',9749,'배추프로필.jpg','202208171627269998111491.jpg'),(48,'image/jpeg','/root/pictures/202208171627345912037443.jpg',14636,'배추방사진.jpg','202208171627345912037443.jpg'),(49,'image/jpeg','/root/pictures/202208171627541221338444.jpg',11078,'오이프로필.jpg','202208171627541221338444.jpg'),(50,'image/jpeg','/root/pictures/202208171627624794807596.jpg',13327,'오이방사진.jpg','202208171627624794807596.jpg'),(51,'image/jpeg','/root/pictures/202208171627624794807290.jpg',13327,'오이방사진.jpg','202208171627624794807290.jpg'),(52,'image/jpeg','/root/pictures/202208171627874510565190.jpg',4874,'양배추프로필.jpg','202208171627874510565190.jpg'),(53,'image/jpeg','/root/pictures/202208171627959394518371.jpg',12737,'양배추방사진.jpg','202208171627959394518371.jpg'),(54,'image/jpeg','/root/pictures/202208171628739947056551.jpg',4369,'무프로필.jpg','202208171628739947056551.jpg'),(55,'image/jpeg','/root/pictures/202208171628792964507367.jpg',13930,'무방사진.jpg','202208171628792964507367.jpg'),(56,'image/jpeg','/root/pictures/202208171628855019544142.jpg',10762,'토마토프로필.jpg','202208171628855019544142.jpg'),(57,'image/jpeg','/root/pictures/202208171628868155921575.jpg',4369,'무프로필.jpg','202208171628868155921575.jpg'),(58,'image/jpeg','/root/pictures/202208171628972039214983.jpg',18779,'토마토방사진.jpg','202208171628972039214983.jpg'),(59,'image/jpeg','/root/pictures/202208171628982524703935.jpg',10762,'토마토프로필.jpg','202208171628982524703935.jpg'),(60,'image/jpeg','/root/pictures/202208171629125390785285.jpg',8961,'당근프로필.jpg','202208171629125390785285.jpg'),(61,'image/jpeg','/root/pictures/202208171629161414302993.jpg',10961,'당근방사진.jpg','202208171629161414302993.jpg'),(62,'image/png','/root/pictures/202208171630031673374589.png',402222,'2E45B067-8700-488F-8F7E-CC6F5043F4E1.png','202208171630031673374589.png'),(63,'image/png','/root/pictures/202208171641276673386407.png',738880,'1645746319457.png','202208171641276673386407.png');
/*!40000 ALTER TABLE `image` ENABLE KEYS */;
UNLOCK TABLES;

--
-- Table structure for table `product`
--

DROP TABLE IF EXISTS `product`;
/*!40101 SET @saved_cs_client     = @@character_set_client */;
/*!50503 SET character_set_client = utf8mb4 */;
CREATE TABLE `product` (
  `id` bigint NOT NULL,
  `date` varchar(255) COLLATE utf8mb4_0900_as_cs DEFAULT NULL,
  `direction` varchar(255) COLLATE utf8mb4_0900_as_cs DEFAULT NULL,
  `name` varchar(255) COLLATE utf8mb4_0900_as_cs DEFAULT NULL,
  `price` varchar(255) COLLATE utf8mb4_0900_as_cs DEFAULT NULL,
  `unit` varchar(255) COLLATE utf8mb4_0900_as_cs DEFAULT NULL,
  `value` varchar(255) COLLATE utf8mb4_0900_as_cs DEFAULT NULL,
  PRIMARY KEY (`id`)
) ENGINE=MyISAM DEFAULT CHARSET=utf8mb4 COLLATE=utf8mb4_0900_as_cs;
/*!40101 SET character_set_client = @saved_cs_client */;

--
-- Dumping data for table `product`
--

LOCK TABLES `product` WRITE;
/*!40000 ALTER TABLE `product` DISABLE KEYS */;
INSERT INTO `product` VALUES (11,'2022-08-12','0','무','28,180','20kg','2.8'),(10,'2022-08-12','0','토마토','18,140','5kg','0.3'),(9,'2022-08-12','0','오이','34,250','10kg','2.1'),(8,'2022-08-12','0','배추','18,480','10kg','9.2'),(7,'2022-08-12','1','감자','45,080','20kg','0.5'),(12,'2022-08-12','2','당근','41,780','20kg','0.0');
/*!40000 ALTER TABLE `product` ENABLE KEYS */;
UNLOCK TABLES;

--
-- Table structure for table `user`
--

DROP TABLE IF EXISTS `user`;
/*!40101 SET @saved_cs_client     = @@character_set_client */;
/*!50503 SET character_set_client = utf8mb4 */;
CREATE TABLE `user` (
  `user_id` bigint NOT NULL AUTO_INCREMENT,
  `account` varchar(255) COLLATE utf8mb4_0900_as_cs NOT NULL,
  `address` varchar(255) COLLATE utf8mb4_0900_as_cs NOT NULL,
  `bank` varchar(255) COLLATE utf8mb4_0900_as_cs DEFAULT NULL,
  `data_create` datetime NOT NULL,
  `detail_address` varchar(255) COLLATE utf8mb4_0900_as_cs DEFAULT NULL,
  `name` varchar(255) COLLATE utf8mb4_0900_as_cs NOT NULL,
  `password` varchar(255) COLLATE utf8mb4_0900_as_cs NOT NULL,
  `phone` varchar(255) COLLATE utf8mb4_0900_as_cs NOT NULL,
  `zip_code` varchar(255) COLLATE utf8mb4_0900_as_cs DEFAULT NULL,
  `auction_room_id` bigint DEFAULT NULL,
  `image_id` bigint DEFAULT NULL,
  PRIMARY KEY (`user_id`),
  KEY `FKsujpbk0tgg4b8ft4v78xksauh` (`auction_room_id`),
  KEY `FK9hpx11qlu8cqhrkjn0yor93h` (`image_id`)
) ENGINE=MyISAM AUTO_INCREMENT=15 DEFAULT CHARSET=utf8mb4 COLLATE=utf8mb4_0900_as_cs;
/*!40101 SET character_set_client = @saved_cs_client */;

--
-- Dumping data for table `user`
--

LOCK TABLES `user` WRITE;
/*!40000 ALTER TABLE `user` DISABLE KEYS */;
INSERT INTO `user` VALUES (7,'110367781563','대전 유성구 계룡로 지하 97 (봉명동, 유성온천역)','신한은행','2022-08-17 09:33:30','1번출구','신배추','$2a$10$MNjG1nj2HsqMbdXFA8hhteuOyyF4bIyeqL4/xXaT1IoaiunNf0r36','01055309739','34179',NULL,47),(8,'110367781563','대전 유성구 계룡로 지하 97 (봉명동, 유성온천역)','신한은행','2022-08-17 09:33:30','1번출구','진감자','$2a$10$MNjG1nj2HsqMbdXFA8hhteuOyyF4bIyeqL4/xXaT1IoaiunNf0r36','01055309738','34179',NULL,45),(14,'9202152804518','경기 성남시 분당구 서판교로 29 (판교동, 판교원마을)','카카오뱅크','2022-08-17 09:57:20','판교아파트','히로킴','$2a$10$3bS/7BrK8LbQ8.ay6sBFeOFpraZEAuUj82eE.lrREoNA9Hi7/f0gi','01024689644','13481',NULL,1),(12,'65002515901011','경기 성남시 분당구 판교역로 235 (삼평동, 에이치스퀘어 엔동)','카카오뱅크','2022-08-17 09:34:02','네이버 본사','김성훈','$2a$10$ixg.MREiF7VTQ38d3aGZuOr7cGkKHfrvCM4MovlPbiPTQwwZzpPgK','01024786792','13494',NULL,37),(11,'3520889308623','대전 서구 가장로 106 (가장동, 삼성 래미안아파트)','우리은행','2022-08-17 09:33:42','123','허혜진','$2a$10$znE0HtY5YUYAguHruot6b..lfYXkYyJYTWnYokF0JjauUU4gQF5iy','01050279681','35297',NULL,35),(13,'10023450000','대전 유성구 노은동로 219 (지족동, 열매마을 아파트(3단지))','우리은행','2022-08-17 09:47:17','우리집','박시원','$2a$10$Hsy.csm.eSYSqFveWO7opursMESpYCCQmN1fO2Wamr6AvUAYM17Sy','01092458873','34079',NULL,1),(10,'110367781563','대전 유성구 계룡로 지하 97 (봉명동, 유성온천역)','신한은행','2022-08-17 09:33:30','1번출구','나청양','$2a$10$MNjG1nj2HsqMbdXFA8hhteuOyyF4bIyeqL4/xXaT1IoaiunNf0r36','01055309737','34179',NULL,44),(9,'1002450705614','충북 청주시 흥덕구 서현서로 39 (가경동, 가로수마을 대원칸타빌)','우리은행','2022-08-17 09:33:20','전망이 좋은 집','이윤경','$2a$10$n7c30r6TDTsQnHnejOqg4eto1.wV6IJw3jvPrWzHJak9Nmo1SavB.','01088422922','28380',NULL,38),(6,'110367781563','대전 유성구 계룡로 지하 97 (봉명동, 유성온천역)','신한은행','2022-08-17 09:33:30','1번출구','오이진','$2a$10$MNjG1nj2HsqMbdXFA8hhteuOyyF4bIyeqL4/xXaT1IoaiunNf0r36','01055309740','34179',NULL,49),(5,'110367781563','대전 유성구 계룡로 지하 97 (봉명동, 유성온천역)','신한은행','2022-08-17 09:33:30','1번출구','양추배','$2a$10$MNjG1nj2HsqMbdXFA8hhteuOyyF4bIyeqL4/xXaT1IoaiunNf0r36','01055309741','34179',NULL,52),(4,'110367781563','대전 유성구 계룡로 지하 97 (봉명동, 유성온천역)','신한은행','2022-08-17 09:33:30','1번출구','무설탕','$2a$10$MNjG1nj2HsqMbdXFA8hhteuOyyF4bIyeqL4/xXaT1IoaiunNf0r36','01055309742','34179',NULL,57),(3,'110367781563','대전 유성구 계룡로 지하 97 (봉명동, 유성온천역)','신한은행','2022-08-17 09:33:30','1번출구','조마토','$2a$10$MNjG1nj2HsqMbdXFA8hhteuOyyF4bIyeqL4/xXaT1IoaiunNf0r36','01055309743','34179',NULL,59),(2,'110367781563','대전 유성구 계룡로 지하 97 (봉명동, 유성온천역)','신한은행','2022-08-17 09:33:30','1번출구','허당근','$2a$10$MNjG1nj2HsqMbdXFA8hhteuOyyF4bIyeqL4/xXaT1IoaiunNf0r36','01055309744','34179',NULL,60);
/*!40000 ALTER TABLE `user` ENABLE KEYS */;
UNLOCK TABLES;

--
-- Table structure for table `verification`
--

DROP TABLE IF EXISTS `verification`;
/*!40101 SET @saved_cs_client     = @@character_set_client */;
/*!50503 SET character_set_client = utf8mb4 */;
CREATE TABLE `verification` (
  `id` bigint NOT NULL AUTO_INCREMENT,
  `confirm_number` varchar(255) COLLATE utf8mb4_0900_as_cs DEFAULT NULL,
  `phone` varchar(255) COLLATE utf8mb4_0900_as_cs DEFAULT NULL,
  `state` varchar(255) COLLATE utf8mb4_0900_as_cs DEFAULT NULL,
  PRIMARY KEY (`id`)
) ENGINE=MyISAM AUTO_INCREMENT=44 DEFAULT CHARSET=utf8mb4 COLLATE=utf8mb4_0900_as_cs;
/*!40101 SET character_set_client = @saved_cs_client */;

--
-- Dumping data for table `verification`
--

LOCK TABLES `verification` WRITE;
/*!40000 ALTER TABLE `verification` DISABLE KEYS */;
INSERT INTO `verification` VALUES (43,'716954','01088422922','CONFIRMED'),(42,'237804','01024689644 ','CONFIRMED'),(41,'714425','01092458873','CONFIRMED'),(40,'608680','01024786792','CONFIRMED'),(39,'287206','01050279681','CONFIRMED'),(38,'646850','01088422922','CONFIRMED'),(37,'269679','01055309737','CONFIRMED');
/*!40000 ALTER TABLE `verification` ENABLE KEYS */;
UNLOCK TABLES;
/*!40103 SET TIME_ZONE=@OLD_TIME_ZONE */;

/*!40101 SET SQL_MODE=@OLD_SQL_MODE */;
/*!40014 SET FOREIGN_KEY_CHECKS=@OLD_FOREIGN_KEY_CHECKS */;
/*!40014 SET UNIQUE_CHECKS=@OLD_UNIQUE_CHECKS */;
/*!40101 SET CHARACTER_SET_CLIENT=@OLD_CHARACTER_SET_CLIENT */;
/*!40101 SET CHARACTER_SET_RESULTS=@OLD_CHARACTER_SET_RESULTS */;
/*!40101 SET COLLATION_CONNECTION=@OLD_COLLATION_CONNECTION */;
/*!40111 SET SQL_NOTES=@OLD_SQL_NOTES */;

-- Dump completed on 2022-08-17 14:56:24
